run	solution_id	CT	LoadSTD	QLoss	station_loads	station_assignment	tool_assignment
1	1	496.8	121.30284	0.165836	[290.00,450.00,160.00,494.60,366.00,496.80]	[3,3,3,3,3,4,4,4,4,3,0,3,3,0,0,2,3,0,1,4,4,5,5,5]	[0,1,1,0,0,1,2,0,0,1,2,2,0,2,2,2,0,2,2,2,2,2,2,0]
1	2	496.8	86.464374	0.169832	[290.00,450.00,266.20,428.10,324.80,496.80]	[3,2,3,3,3,4,4,4,4,3,0,3,3,0,0,2,3,0,1,2,4,5,5,5]	[0,1,1,0,0,1,2,0,0,1,2,2,0,2,2,2,0,2,2,2,2,2,2,0]
1	3	496.8	89.086146	0.168814	[290.00,450.00,287.40,444.30,288.60,496.80]	[3,3,2,3,3,3,4,4,4,2,0,3,3,0,0,2,3,0,1,3,4,5,5,5]	[0,1,1,0,0,1,2,0,0,1,2,2,0,2,2,2,0,2,2,2,2,2,2,0]
1	4	496.8	120.963361	0.166619	[290.00,450.00,160.00,492.50,366.00,496.80]	[3,3,3,3,3,4,4,4,4,3,0,3,3,0,0,2,3,0,1,4,4,5,5,5]	[0,1,1,0,0,1,2,0,0,0,2,2,0,2,2,2,0,2,2,2,2,2,2,0]
1	5	496.8	78.543203	0.171172	[290.00,450.00,296.20,396.90,323.60,496.80]	[3,2,3,3,3,3,4,4,4,2,0,3,4,0,0,2,3,0,1,3,4,5,5,5]	[0,1,0,0,0,1,2,0,0,1,2,2,0,2,2,2,0,2,2,2,2,2,2,0]
1	6	496.8	98.82096	0.168445	[290.00,450.00,256.20,471.60,288.60,496.80]	[3,3,2,3,3,3,4,4,4,3,0,3,3,0,0,2,3,0,1,2,4,5,5,5]	[0,1,1,0,0,1,2,0,0,1,2,2,0,2,2,2,0,2,2,2,2,2,2,0]
1	7	496.8	73.116201	0.173401	[290.00,450.00,337.40,353.60,324.80,496.80]	[3,2,3,3,3,4,4,4,4,2,0,3,3,0,0,2,3,0,1,2,4,5,5,5]	[0,1,0,0,0,1,2,0,0,1,2,2,0,2,2,2,0,2,2,2,2,2,2,0]
1	8	496.8	104.293411	0.167397	[290.00,450.00,216.20,474.20,324.80,496.80]	[3,3,2,3,3,4,4,4,4,3,0,3,3,0,0,2,3,0,1,3,4,5,5,5]	[0,1,1,0,0,1,2,0,0,1,2,2,0,2,2,2,0,2,2,2,2,2,2,0]
1	9	496.8	108.428877	0.166823	[290.00,450.00,231.20,496.30,288.60,496.80]	[3,3,3,3,3,3,4,4,4,2,0,3,3,0,0,2,3,0,1,3,4,5,5,5]	[0,0,1,0,0,1,2,0,0,1,2,2,0,2,2,2,0,2,2,2,2,2,2,0]
1	10	512.2	114.883327	0.166023	[290.00,450.00,216.20,512.20,288.60,496.80]	[3,3,2,3,3,3,4,4,4,3,0,3,3,0,0,2,3,0,1,3,4,5,5,5]	[0,1,1,0,0,1,2,0,0,1,2,2,0,2,2,2,0,2,2,2,2,2,2,0]
1	11	496.8	74.020052	0.172605	[290.00,450.00,323.60,369.50,324.80,496.80]	[3,2,2,3,3,4,4,4,4,3,0,3,3,0,0,2,3,0,1,2,4,5,5,5]	[0,1,1,0,0,1,2,0,0,1,2,2,0,2,2,2,0,2,2,2,2,2,2,0]
1	12	496.8	98.859773	0.168197	[290.00,450.00,231.20,463.10,324.80,496.80]	[3,3,3,3,3,4,4,4,4,2,0,3,3,0,0,2,3,0,1,3,4,5,5,5]	[0,0,1,0,0,1,2,0,0,1,2,2,0,2,2,2,0,2,2,2,2,2,2,0]
1	13	496.8	88.69018	0.169596	[290.00,450.00,286.20,439.50,288.60,496.80]	[3,3,2,3,3,3,4,4,4,2,0,3,3,0,0,2,3,0,1,3,4,5,5,5]	[0,0,1,0,0,1,2,0,0,1,2,2,0,2,2,2,0,2,2,2,2,2,2,0]
1	14	496.8	73.930388	0.172994	[290.00,450.00,324.20,371.00,324.80,496.80]	[2,2,3,3,3,4,4,4,4,3,0,3,3,0,0,2,3,0,1,2,4,5,5,5]	[0,1,1,0,0,1,2,0,0,1,2,2,0,2,2,2,0,2,2,2,2,2,2,0]
1	15	496.8	73.125888	0.173084	[290.00,450.00,352.40,338.00,324.80,496.80]	[3,3,3,3,3,4,4,4,4,2,0,2,3,0,0,2,3,0,1,2,4,5,5,5]	[0,0,1,0,0,1,2,0,0,1,2,2,0,2,2,2,0,2,2,2,2,2,2,0]
1	16	496.8	93.830515	0.168463	[290.00,450.00,272.40,459.60,288.60,496.80]	[3,3,3,3,3,3,4,4,4,2,0,3,3,0,0,2,3,0,1,2,4,5,5,5]	[0,1,1,0,0,1,2,0,0,1,2,2,0,2,2,2,0,2,2,2,2,2,2,0]
1	17	496.8	120.980528	0.166614	[290.00,450.00,160.00,492.50,364.80,496.80]	[3,3,3,3,3,4,4,4,4,3,0,3,3,0,0,2,3,0,1,4,4,5,5,5]	[0,1,0,0,0,1,2,0,0,1,2,2,0,2,2,2,0,2,2,2,2,2,2,0]
1	18	496.8	80.114052	0.170025	[290.00,450.00,286.20,403.10,328.60,496.80]	[3,3,2,3,3,3,4,4,4,2,0,3,3,0,0,2,3,0,1,4,4,5,5,5]	[0,1,1,0,0,1,2,0,0,1,2,2,0,2,2,2,0,2,2,2,2,2,2,0]
1	19	496.8	72.859006	0.173607	[290.00,450.00,338.60,327.70,350.40,496.80]	[3,2,3,3,3,3,3,4,4,2,0,4,4,0,0,2,3,0,1,2,4,5,5,5]	[0,1,0,0,0,1,2,0,0,1,2,2,0,2,2,2,0,2,2,2,2,2,2,0]
1	20	524.5	121.192305	0.165673	[290.00,450.00,200.00,524.50,288.60,496.80]	[3,3,3,3,3,3,4,4,4,3,0,3,3,0,0,2,3,0,1,2,4,5,5,5]	[0,1,1,0,0,1,2,0,0,1,2,2,0,2,2,2,0,2,2,2,2,2,2,0]
1	21	529	128.954755	0.165243	[290.00,450.00,160.00,529.00,328.60,496.80]	[3,3,3,3,3,3,4,4,4,3,0,3,3,0,0,2,3,0,1,4,4,5,5,5]	[0,0,1,0,0,1,2,0,0,1,2,2,0,2,2,2,0,2,2,2,2,2,2,0]
1	22	534.9	130.378454	0.164625	[290.00,450.00,160.00,534.90,324.80,496.80]	[3,3,3,3,3,4,4,4,4,3,0,3,3,0,0,2,3,0,1,3,4,5,5,5]	[0,1,1,0,0,1,2,0,0,1,2,2,0,2,2,2,0,2,2,2,2,2,2,0]
1	23	496.8	75.942882	0.171185	[290.00,450.00,296.20,371.30,348.60,496.80]	[3,2,3,3,3,3,3,4,4,2,0,4,4,0,0,2,3,0,1,3,4,5,5,5]	[0,1,0,0,0,1,2,0,0,1,2,2,0,2,2,2,0,2,2,2,2,2,2,0]
1	24	511.3	114.705368	0.166805	[290.00,450.00,216.20,511.30,288.60,496.80]	[3,3,2,3,3,3,4,4,4,3,0,3,3,0,0,2,3,0,1,3,4,5,5,5]	[0,0,1,0,0,1,2,0,0,1,2,2,0,2,2,2,0,2,2,2,2,2,2,0]
1	25	585.2	156.097252	0.163242	[290.00,490.00,160.00,585.20,231.80,496.80]	[3,3,3,3,3,3,3,4,4,3,0,3,3,0,0,2,3,0,1,1,4,5,5,5]	[0,1,1,0,0,1,2,0,0,1,2,2,0,2,2,2,0,2,2,2,2,2,2,0]
1	26	581.6	142.302514	0.164453	[290.00,450.00,200.00,581.60,231.80,496.80]	[3,3,3,3,3,3,3,4,4,3,0,3,3,0,0,2,3,0,1,2,4,5,5,5]	[0,1,1,0,0,1,2,0,0,1,2,2,0,2,2,2,0,2,2,2,2,2,2,0]
1	27	496.8	108.381589	0.167252	[290.00,490.00,231.20,459.00,288.60,496.80]	[3,3,3,3,3,3,4,4,4,2,0,3,3,0,0,2,3,0,1,1,4,5,5,5]	[0,1,1,0,0,1,2,0,0,1,2,2,0,2,2,2,0,2,2,2,2,2,2,0]
2	28	550	178.552725	0.168354	[201.80,550.00,65.00,459.60,487.20,496.80]	[3,2,3,3,3,3,4,4,4,0,1,3,3,3,0,4,4,0,1,3,4,5,5,5]	[0,1,1,0,0,1,2,0,0,0,2,2,0,2,2,2,0,2,2,2,2,2,2,0]
2	29	496.8	137.596919	0.170364	[201.20,450.00,166.20,457.20,487.20,496.80]	[3,2,3,3,3,3,4,4,4,0,2,3,3,3,0,4,4,0,1,3,4,5,5,5]	[0,1,0,0,0,0,2,0,0,1,2,2,0,2,2,2,0,2,2,2,2,2,2,0]
2	30	508.1	115.94206	0.169841	[201.20,450.00,276.20,508.10,324.80,496.80]	[3,3,2,3,3,4,4,4,4,0,3,3,3,2,0,2,3,0,1,3,4,5,5,5]	[0,1,1,0,0,1,2,0,0,1,2,2,0,2,2,2,0,2,2,2,2,2,2,0]
2	31	499.9	118.667093	0.171043	[201.20,450.00,240.00,499.90,371.30,496.80]	[3,3,3,3,4,4,4,4,4,0,2,2,3,2,0,3,3,0,1,3,4,5,5,5]	[0,1,1,0,0,1,2,0,0,1,2,2,0,2,2,2,0,2,2,2,2,2,2,0]
2	32	496.8	141.260217	0.168802	[201.20,450.00,156.20,467.80,487.20,496.80]	[3,3,2,3,3,3,4,4,4,0,2,3,3,3,0,4,4,0,1,3,4,5,5,5]	[0,1,1,0,0,1,2,0,0,1,2,2,0,2,2,2,0,2,2,2,2,2,2,0]
2	33	496.8	124.698058	0.171236	[202.40,450.00,206.20,419.60,487.20,496.80]	[3,2,3,3,3,3,4,4,4,0,2,3,3,3,0,4,4,0,1,2,4,5,5,5]	[0,1,1,0,0,1,2,0,0,1,2,2,0,2,2,2,0,2,2,2,2,2,2,0]
2	34	496.8	102.939795	0.171266	[202.40,450.00,276.20,427.50,403.60,496.80]	[3,3,2,3,3,3,4,4,4,0,3,4,4,2,0,2,3,0,1,3,4,5,5,5]	[0,1,1,0,0,1,2,0,0,1,2,2,0,2,2,2,0,2,2,2,2,2,2,0]
2	35	563.7	137.120609	0.167068	[201.20,450.00,220.00,563.70,324.80,496.80]	[3,3,3,3,3,4,4,4,4,0,3,3,3,2,0,2,3,0,1,3,4,5,5,5]	[0,1,1,0,0,1,2,0,0,1,2,2,0,2,2,2,0,2,2,2,2,2,2,0]
2	36	496.8	92.944529	0.177121	[201.80,450.00,344.20,395.40,370.40,496.80]	[3,2,2,3,4,4,4,4,4,0,3,3,3,2,0,2,3,0,1,3,4,5,5,5]	[0,0,1,0,0,0,2,0,0,0,2,2,0,2,2,2,0,2,2,2,2,2,2,0]
2	37	564	181.744974	0.165986	[201.20,450.00,60.00,564.00,487.20,496.80]	[3,3,3,3,3,3,4,4,4,0,3,3,3,2,0,4,4,0,1,3,4,5,5,5]	[0,1,1,0,0,1,2,0,0,1,2,2,0,2,2,2,0,2,2,2,2,2,2,0]
2	38	496.8	127.214552	0.170394	[201.20,450.00,196.80,482.80,430.40,496.80]	[2,3,3,3,3,3,3,4,4,0,2,3,3,3,0,4,4,0,1,2,4,5,5,5]	[0,1,1,0,0,1,2,0,0,1,2,2,0,2,2,2,0,2,2,2,2,2,2,0]
2	39	496.8	92.960326	0.176338	[202.40,450.00,343.00,399.00,370.40,496.80]	[3,2,2,3,4,4,4,4,4,0,3,3,3,2,0,2,3,0,1,3,4,5,5,5]	[0,0,1,0,0,0,2,0,0,1,2,2,0,2,2,2,0,2,2,2,2,2,2,0]
2	40	496.8	92.125506	0.178481	[202.40,450.00,358.30,390.40,361.90,496.80]	[2,2,2,3,3,4,4,4,4,0,2,2,4,3,0,3,3,0,1,3,4,5,5,5]	[0,1,0,0,0,1,2,0,0,1,2,2,0,2,2,2,0,2,2,2,2,2,2,0]
2	41	496.8	93.124481	0.175948	[201.80,450.00,341.20,395.40,370.40,496.80]	[3,2,2,3,4,4,4,4,4,0,3,3,3,2,0,2,3,0,1,3,4,5,5,5]	[0,1,1,0,0,0,2,0,0,0,2,2,0,2,2,2,0,2,2,2,2,2,2,0]
2	42	561.6	181.23776	0.168324	[201.80,450.00,60.00,561.60,487.20,496.80]	[3,3,3,3,3,3,4,4,4,0,3,3,3,2,0,4,4,0,1,3,4,5,5,5]	[0,0,1,0,0,0,2,0,0,0,2,2,0,2,2,2,0,2,2,2,2,2,2,0]
2	43	496.8	91.557895	0.178949	[202.40,450.00,375.40,367.20,371.30,496.80]	[2,3,2,3,4,4,4,4,4,0,3,3,3,2,0,2,3,0,1,2,4,5,5,5]	[0,0,0,0,0,1,2,0,0,1,2,2,0,2,2,2,0,2,2,2,2,2,2,0]
2	44	526	127.620083	0.168635	[201.20,450.00,220.00,526.00,359.80,496.80]	[3,3,3,3,3,4,4,4,4,0,3,3,3,2,0,2,4,0,1,3,4,5,5,5]	[0,1,1,0,0,1,2,0,0,1,2,2,0,2,2,2,0,2,2,2,2,2,2,0]
2	45	506.3	115.516123	0.171009	[201.20,450.00,276.80,506.30,324.80,496.80]	[3,3,2,3,3,4,4,4,4,0,3,3,3,2,0,2,3,0,1,3,4,5,5,5]	[0,1,0,0,0,1,2,0,0,1,2,2,0,2,2,2,0,2,2,2,2,2,2,0]
2	46	507.5	115.274288	0.171202	[202.40,450.00,278.60,507.50,323.60,496.80]	[3,3,2,3,3,3,4,4,4,0,3,3,4,2,0,2,3,0,1,3,4,5,5,5]	[0,1,0,0,0,1,2,0,0,1,2,2,0,2,2,2,0,2,2,2,2,2,2,0]
2	47	496.8	94.379772	0.172018	[202.40,450.00,400.00,382.50,324.80,496.80]	[3,3,3,3,3,4,4,4,4,0,2,2,3,2,0,2,3,0,1,3,4,5,5,5]	[0,1,1,0,0,1,2,0,0,1,2,2,0,2,2,2,0,2,2,2,2,2,2,0]
3	48	496.8	100.617567	0.167726	[248.60,450.00,260.00,469.50,328.60,496.80]	[3,3,0,3,3,3,4,4,4,3,2,3,3,0,0,2,3,0,1,4,4,5,5,5]	[0,1,0,0,0,1,2,0,0,1,2,2,0,2,2,2,0,2,2,2,2,2,2,0]
3	49	509.5	112.420111	0.166518	[246.20,450.00,260.00,509.50,288.60,496.80]	[3,3,0,3,3,3,4,4,4,3,2,3,3,0,0,2,3,0,1,3,4,5,5,5]	[0,0,1,0,0,1,2,0,0,1,2,2,0,2,2,2,0,2,2,2,2,2,2,0]
3	50	511	112.49115	0.165736	[247.40,450.00,260.00,511.00,288.60,496.80]	[3,3,0,3,3,3,4,4,4,3,2,3,3,0,0,2,3,0,1,3,4,5,5,5]	[0,1,1,0,0,1,2,0,0,1,2,2,0,2,2,2,0,2,2,2,2,2,2,0]
3	51	496.8	80.105439	0.172856	[248.60,450.00,331.20,365.10,367.20,496.80]	[3,3,0,3,3,3,4,4,4,2,2,3,4,0,0,2,3,0,1,4,4,5,5,5]	[0,1,0,0,0,0,2,0,0,1,2,2,0,2,2,2,0,2,2,2,2,2,2,0]
3	52	496.8	101.342265	0.166947	[247.40,450.00,260.00,472.50,328.60,496.80]	[3,3,0,3,3,3,4,4,4,3,2,3,3,0,0,2,3,0,1,4,4,5,5,5]	[0,1,1,0,0,1,2,0,0,1,2,2,0,2,2,2,0,2,2,2,2,2,2,0]
3	53	496.8	83.22921	0.169738	[247.40,450.00,331.20,402.50,328.60,496.80]	[3,3,0,3,3,3,4,4,4,2,2,3,3,0,0,2,3,0,1,4,4,5,5,5]	[0,1,1,0,0,1,2,0,0,1,2,2,0,2,2,2,0,2,2,2,2,2,2,0]
3	54	496.8	82.736321	0.170517	[248.60,450.00,332.40,401.00,328.60,496.80]	[3,3,0,3,3,3,4,4,4,2,2,3,3,0,0,2,3,0,1,4,4,5,5,5]	[0,1,0,0,0,1,2,0,0,1,2,2,0,2,2,2,0,2,2,2,2,2,2,0]
3	55	496.8	91.791479	0.168527	[246.20,450.00,331.20,439.20,288.60,496.80]	[3,3,0,3,3,3,4,4,4,2,2,3,3,0,0,2,3,0,1,3,4,5,5,5]	[0,1,1,0,0,1,2,0,0,1,2,2,0,2,2,2,0,2,2,2,2,2,2,0]
3	56	496.8	80.122961	0.172084	[248.60,450.00,331.20,366.00,365.40,496.80]	[3,3,0,3,3,3,4,4,4,2,2,3,4,0,0,2,3,0,1,4,4,5,5,5]	[0,1,0,0,0,1,2,0,0,1,2,2,0,2,2,2,0,2,2,2,2,2,2,0]
3	57	550	149.720722	0.164493	[247.40,550.00,160.00,513.10,288.60,496.80]	[3,3,0,3,3,3,4,4,4,3,1,3,3,0,0,2,3,0,1,3,4,5,5,5]	[0,1,1,0,0,1,2,0,0,1,2,2,0,2,2,2,0,2,2,2,2,2,2,0]
3	58	496.8	80.105439	0.172856	[248.60,450.00,331.20,365.10,367.20,496.80]	[3,3,0,3,3,4,4,4,4,2,2,3,3,0,0,2,3,0,1,4,4,5,5,5]	[0,1,0,0,0,0,2,0,0,1,2,2,0,2,2,2,0,2,2,2,2,2,2,0]
3	59	496.8	91.510777	0.169299	[247.40,450.00,331.20,439.20,288.60,496.80]	[3,3,0,3,3,3,4,4,4,2,2,3,3,0,0,2,3,0,1,3,4,5,5,5]	[0,1,1,0,0,0,2,0,0,1,2,2,0,2,2,2,0,2,2,2,2,2,2,0]
3	60	496.8	94.565082	0.168322	[247.40,450.00,260.00,435.10,366.00,496.80]	[3,3,0,3,3,4,4,4,4,3,2,3,3,0,0,2,3,0,1,4,4,5,5,5]	[0,1,1,0,0,1,2,0,0,1,2,2,0,2,2,2,0,2,2,2,2,2,2,0]
3	61	496.8	80.416969	0.171112	[247.40,450.00,331.20,366.60,366.00,496.80]	[3,3,0,3,3,4,4,4,4,2,2,3,3,0,0,2,3,0,1,4,4,5,5,5]	[0,1,1,0,0,1,2,0,0,1,2,2,0,2,2,2,0,2,2,2,2,2,2,0]
3	62	496.8	80.293828	0.171305	[247.40,450.00,332.40,366.00,367.20,496.80]	[3,3,0,3,3,3,4,4,4,2,2,3,4,0,0,2,3,0,1,4,4,5,5,5]	[0,1,1,0,0,1,2,0,0,1,2,2,0,2,2,2,0,2,2,2,2,2,2,0]
3	63	496.8	83.074859	0.17051	[246.20,450.00,331.20,399.80,332.20,496.80]	[3,3,0,3,3,3,4,4,4,2,2,3,3,0,0,2,3,0,1,4,4,5,5,5]	[0,1,1,0,0,0,2,0,0,1,2,2,0,2,2,2,0,2,2,2,2,2,2,0]
4	64	496.8	70.513413	0.178642	[315.70,450.00,355.40,335.40,312.20,496.80]	[0,2,0,2,2,2,3,3,4,0,2,3,3,2,0,4,4,0,1,4,4,5,5,5]	[0,1,1,0,0,1,2,0,0,1,2,2,0,2,2,2,0,2,2,2,2,2,2,0]
4	65	526.1	140.147668	0.166438	[316.30,510.00,180.00,526.10,231.80,496.80]	[0,3,0,3,3,3,3,4,4,0,2,2,3,1,0,3,3,0,1,3,4,5,5,5]	[0,1,1,0,0,1,2,0,0,0,2,2,0,2,2,2,0,2,2,2,2,2,2,0]
4	66	496.8	81.915539	0.169293	[313.90,450.00,286.20,414.50,293.60,496.80]	[0,2,0,3,3,3,3,3,3,0,4,4,4,2,0,2,3,0,1,4,4,5,5,5]	[0,1,1,0,0,1,2,0,0,1,2,2,0,2,2,2,0,2,2,2,2,2,2,0]
4	67	561.3	165.276926	0.165412	[416.30,450.00,65.00,561.30,270.40,496.80]	[0,2,0,3,3,3,3,3,3,0,0,3,4,3,0,4,4,0,1,3,4,5,5,5]	[0,0,1,0,0,1,2,0,0,0,2,2,0,2,2,2,0,2,2,2,2,2,2,0]
4	68	496.8	153.664685	0.166361	[314.50,450.00,60.00,486.30,452.20,496.80]	[0,3,0,3,3,3,3,3,3,0,4,4,4,2,0,4,4,0,1,3,4,5,5,5]	[0,1,1,0,0,0,2,0,0,1,2,2,0,2,2,2,0,2,2,2,2,2,2,0]
4	69	496.8	102.729198	0.167259	[313.00,450.00,286.20,478.10,231.80,496.80]	[0,2,0,3,3,3,3,4,4,0,3,3,3,2,0,2,3,0,1,3,4,5,5,5]	[0,1,1,0,0,1,2,0,0,1,2,2,0,2,2,2,0,2,2,2,2,2,2,0]
4	70	541.9	138.767379	0.16714	[315.70,450.00,126.20,541.90,332.20,496.80]	[0,2,0,3,3,3,4,4,4,0,3,3,3,2,0,3,3,0,1,4,4,5,5,5]	[0,1,1,0,0,1,2,0,0,1,2,2,0,2,2,2,0,2,2,2,2,2,2,0]
4	71	502.2	152.496431	0.165881	[313.90,450.00,65.00,502.20,430.40,496.80]	[0,2,0,3,3,3,3,4,4,0,3,3,3,3,0,4,4,0,1,3,4,5,5,5]	[0,1,1,0,0,0,2,0,0,1,2,2,0,2,2,2,0,2,2,2,2,2,2,0]
4	72	496.8	153.469915	0.166368	[316.90,450.00,60.00,486.00,452.20,496.80]	[0,3,0,3,3,3,3,3,3,0,4,4,4,2,0,4,4,0,1,3,4,5,5,5]	[0,1,0,0,0,1,2,0,0,1,2,2,0,2,2,2,0,2,2,2,2,2,2,0]
4	73	496.8	75.474602	0.16969	[314.50,450.00,286.20,380.10,328.60,496.80]	[0,2,0,3,3,3,4,4,4,0,3,3,3,2,0,2,3,0,1,4,4,5,5,5]	[0,1,1,0,0,1,2,0,0,1,2,2,0,2,2,2,0,2,2,2,2,2,2,0]
4	74	496.8	150.806694	0.167092	[313.00,450.00,65.00,460.40,468.60,496.80]	[0,2,0,3,3,3,3,4,4,0,3,3,3,3,0,4,4,0,1,4,4,5,5,5]	[0,1,1,0,0,0,2,0,0,1,2,2,0,2,2,2,0,2,2,2,2,2,2,0]
4	75	496.8	73.565264	0.17287	[315.10,450.00,356.80,349.80,288.60,496.80]	[0,3,0,3,3,3,4,4,4,0,2,3,3,2,0,2,2,0,1,3,4,5,5,5]	[0,1,1,0,0,0,2,0,0,0,2,2,0,2,2,2,0,2,2,2,2,2,2,0]
4	76	496.8	86.658726	0.168471	[316.00,450.00,287.40,434.50,275.40,496.80]	[0,2,0,3,3,3,3,4,4,0,3,3,3,2,0,2,3,0,1,4,4,5,5,5]	[0,1,1,0,0,1,2,0,0,1,2,2,0,2,2,2,0,2,2,2,2,2,2,0]
4	77	496.8	73.917012	0.172441	[312.70,450.00,332.70,369.50,293.60,496.80]	[0,2,0,2,3,3,3,3,3,0,4,4,4,2,0,2,3,0,1,4,4,5,5,5]	[0,1,1,0,0,1,2,0,0,1,2,2,0,2,2,2,0,2,2,2,2,2,2,0]
4	78	496.8	70.779627	0.175515	[313.60,450.00,324.20,346.80,325.40,496.80]	[0,2,0,3,3,3,4,4,4,0,3,3,4,2,0,2,2,0,1,3,4,5,5,5]	[0,1,0,0,0,0,2,0,0,0,2,2,0,2,2,2,0,2,2,2,2,2,2,0]
4	79	564.6	162.431264	0.164801	[316.60,510.00,100.00,564.60,273.60,496.80]	[0,3,0,3,3,3,3,3,3,0,2,3,3,1,0,4,4,0,1,4,4,5,5,5]	[0,1,0,0,0,1,2,0,0,1,2,2,0,2,2,2,0,2,2,2,2,2,2,0]
4	80	496.8	94.6797	0.168082	[313.30,450.00,286.20,458.10,253.60,496.80]	[0,2,0,3,3,3,3,3,3,0,4,4,4,2,0,2,3,0,1,3,4,5,5,5]	[0,1,1,0,0,1,2,0,0,1,2,2,0,2,2,2,0,2,2,2,2,2,2,0]
4	81	599.9	151.645053	0.165153	[316.90,450.00,166.20,599.90,233.60,496.80]	[0,2,0,3,3,3,3,3,3,0,2,3,3,3,0,4,4,0,1,3,4,5,5,5]	[0,1,0,0,0,1,2,0,0,1,2,2,0,2,2,2,0,2,2,2,2,2,2,0]
4	82	599.9	151.931362	0.164374	[312.70,450.00,166.20,599.90,233.60,496.80]	[0,2,0,3,3,3,3,3,3,0,2,3,3,3,0,4,4,0,1,3,4,5,5,5]	[0,1,1,0,0,1,2,0,0,1,2,2,0,2,2,2,0,2,2,2,2,2,2,0]
4	83	595.4	174.461557	0.164532	[314.50,516.20,100.00,595.40,233.60,496.80]	[0,1,0,3,3,3,3,3,3,0,2,3,3,3,0,4,4,0,1,3,4,5,5,5]	[0,1,0,0,0,0,2,0,0,1,2,2,0,2,2,2,0,2,2,2,2,2,2,0]
4	84	598.1	181.555379	0.16415	[313.90,516.20,60.00,598.10,273.60,496.80]	[0,1,0,3,3,3,3,3,3,0,3,3,3,2,0,4,4,0,1,4,4,5,5,5]	[0,1,1,0,0,1,2,0,0,1,2,2,0,2,2,2,0,2,2,2,2,2,2,0]
4	85	549.3	134.34357	0.167192	[313.60,450.00,160.00,549.30,288.60,496.80]	[0,3,0,3,3,3,4,4,4,0,2,3,3,2,0,3,3,0,1,3,4,5,5,5]	[0,1,0,0,0,1,2,0,0,0,2,2,0,2,2,2,0,2,2,2,2,2,2,0]
5	86	531.8	110.462941	0.169927	[302.40,183.00,450.00,398.10,393.60,531.80]	[1,1,3,3,3,3,3,4,4,0,0,3,3,1,0,4,4,0,2,3,5,5,5,5]	[0,1,1,0,0,0,2,0,0,1,2,2,0,2,2,2,0,2,2,2,2,2,2,0]
5	87	591.3	212.412401	0.165161	[368.60,568.60,160.00,591.30,35.00,531.80]	[1,0,3,3,3,3,3,3,3,0,0,3,4,1,0,2,3,0,1,3,5,5,5,5]	[0,1,1,0,0,0,2,0,0,1,2,2,0,2,2,2,0,2,2,2,2,2,2,0]
5	88	531.8	93.200365	0.173308	[366.20,450.00,358.60,295.10,251.80,531.80]	[2,0,3,3,3,3,4,4,4,0,0,2,3,2,0,2,3,0,1,3,5,5,5,5]	[0,1,0,0,0,1,2,0,0,1,2,2,0,2,2,2,0,2,2,2,2,2,2,0]
5	89	531.8	99.01004	0.170887	[369.80,450.00,260.00,388.30,251.80,531.80]	[3,0,3,3,3,3,4,4,4,0,0,3,3,2,0,2,3,0,1,2,5,5,5,5]	[0,1,0,0,0,1,2,0,0,0,2,2,0,2,2,2,0,2,2,2,2,2,2,0]
5	90	531.8	92.957242	0.174089	[368.00,450.00,358.60,296.60,251.80,531.80]	[2,0,3,3,3,3,4,4,4,0,0,2,3,2,0,2,3,0,1,3,5,5,5,5]	[0,0,0,0,0,1,2,0,0,1,2,2,0,2,2,2,0,2,2,2,2,2,2,0]
5	91	531.8	91.918327	0.177971	[368.00,450.00,355.40,264.20,286.80,531.80]	[2,0,3,3,3,3,4,4,4,0,0,3,4,2,0,2,2,0,1,2,5,5,5,5]	[0,0,1,0,0,1,2,0,0,1,2,2,0,2,2,2,0,2,2,2,2,2,2,0]
5	92	592.8	193.425108	0.165468	[366.20,510.00,55.00,592.80,196.80,531.80]	[2,0,3,3,3,3,3,3,3,0,0,3,3,1,0,4,4,0,1,3,5,5,5,5]	[0,1,1,0,0,0,2,0,0,1,2,2,0,2,2,2,0,2,2,2,2,2,2,0]
5	93	594.3	193.689136	0.164696	[368.60,510.00,55.00,594.30,196.80,531.80]	[2,0,3,3,3,3,3,3,3,0,0,3,3,1,0,4,4,0,1,3,5,5,5,5]	[0,1,1,0,0,1,2,0,0,1,2,2,0,2,2,2,0,2,2,2,2,2,2,0]
5	94	510	103.256225	0.171547	[367.40,510.00,216.80,298.70,370.40,496.80]	[2,0,3,3,4,4,4,4,4,0,0,3,3,1,0,2,3,0,1,3,4,5,5,5]	[0,1,1,0,0,0,2,0,0,1,2,2,0,2,2,2,0,2,2,2,2,2,2,0]
5	95	531.8	110.526534	0.167621	[428.60,450.00,216.80,379.30,251.80,531.80]	[2,0,3,3,3,3,4,4,4,0,0,3,3,0,0,2,3,0,1,3,5,5,5,5]	[0,1,1,0,0,1,2,0,0,1,2,2,0,2,2,2,0,2,2,2,2,2,2,0]
5	96	502.2	132.837277	0.167085	[367.40,116.80,450.00,502.20,324.80,496.80]	[1,0,3,3,3,4,4,4,4,0,0,3,3,1,0,3,3,0,2,3,4,5,5,5]	[0,1,0,0,0,1,2,0,0,1,2,2,0,2,2,2,0,2,2,2,2,2,2,0]
5	97	498.6	154.701419	0.166828	[429.80,55.00,450.00,498.60,325.40,496.80]	[1,0,3,3,3,3,4,4,4,0,0,3,4,0,0,3,3,0,2,3,4,5,5,5]	[0,1,0,0,0,0,2,0,0,1,2,2,0,2,2,2,0,2,2,2,2,2,2,0]
5	98	531.8	132.904583	0.16604	[426.20,506.80,160.00,375.70,251.80,531.80]	[1,0,3,3,3,3,4,4,4,0,0,3,3,0,0,2,3,0,1,3,5,5,5,5]	[0,1,1,0,0,1,2,0,0,1,2,2,0,2,2,2,0,2,2,2,2,2,2,0]
5	99	510	94.980045	0.17857	[370.40,510.00,284.80,323.60,273.60,496.80]	[2,0,2,2,2,3,3,3,3,0,0,2,3,1,0,4,4,0,1,4,4,5,5,5]	[0,0,1,0,0,0,2,0,0,0,2,2,0,2,2,2,0,2,2,2,2,2,2,0]
5	100	531.8	90.0263	0.179441	[372.20,450.00,275.40,342.70,288.60,531.80]	[2,0,3,3,3,4,4,4,4,0,0,2,2,2,0,3,3,0,1,2,5,5,5,5]	[0,0,1,0,0,0,2,0,0,0,2,2,0,2,2,2,0,2,2,2,2,2,2,0]
5	101	506.8	119.11961	0.168917	[429.20,160.00,506.80,341.30,323.60,496.80]	[2,0,3,3,3,3,4,4,4,0,0,3,4,0,0,1,3,0,2,3,4,5,5,5]	[0,1,1,0,0,1,2,0,0,0,2,2,0,2,2,2,0,2,2,2,2,2,2,0]
5	102	510	102.045393	0.17659	[372.20,510.00,236.80,368.60,273.60,496.80]	[2,0,2,2,3,3,3,3,3,0,0,2,3,1,0,4,4,0,1,4,4,5,5,5]	[0,0,0,0,0,0,2,0,0,0,2,2,0,2,2,2,0,2,2,2,2,2,2,0]
5	103	506.2	111.1016	0.173993	[297.40,186.80,506.20,398.60,370.40,496.80]	[1,0,2,3,4,4,4,4,4,1,0,3,3,1,0,3,3,0,2,3,4,5,5,5]	[0,1,1,0,0,0,2,0,0,0,2,2,0,2,2,2,0,2,2,2,2,2,2,0]
6	104	496.8	72.016634	0.169115	[350.00,294.20,450.00,343.40,324.80,496.80]	[1,1,3,3,3,4,4,4,4,1,1,3,3,0,0,0,3,0,2,3,4,5,5,5]	[0,1,1,0,0,1,2,0,0,1,2,2,0,2,2,2,0,2,2,2,2,2,2,0]
6	105	496.8	112.685823	0.163577	[362.40,226.20,450.00,488.70,231.80,496.80]	[3,1,3,3,3,3,3,4,4,0,0,3,3,0,0,1,3,0,2,3,4,5,5,5]	[0,1,1,0,0,1,2,0,0,1,2,2,0,2,2,2,0,2,2,2,2,2,2,0]
6	106	496.8	88.035498	0.165425	[328.60,260.00,450.00,431.60,288.60,496.80]	[3,0,3,3,3,3,4,4,4,0,1,3,3,0,0,1,3,0,2,3,4,5,5,5]	[0,1,0,0,0,1,2,0,0,1,2,2,0,2,2,2,0,2,2,2,2,2,2,0]
6	107	496.8	77.634366	0.168379	[329.20,260.00,450.00,355.20,371.30,496.80]	[3,0,3,3,4,4,4,4,4,0,1,3,3,0,0,1,3,0,2,3,4,5,5,5]	[0,1,1,0,0,1,2,0,0,0,2,2,0,2,2,2,0,2,2,2,2,2,2,0]
6	108	496.8	141.239777	0.163372	[487.40,100.00,450.00,434.30,288.60,496.80]	[3,0,3,3,3,3,4,4,4,0,1,3,3,0,0,0,3,0,2,3,4,5,5,5]	[0,1,1,0,0,1,2,0,0,1,2,2,0,2,2,2,0,2,2,2,2,2,2,0]
6	109	496.8	115.61252	0.163404	[427.40,160.00,450.00,432.50,288.60,496.80]	[3,0,3,3,3,3,4,4,4,0,0,3,3,0,0,1,3,0,2,3,4,5,5,5]	[0,1,1,0,0,1,2,0,0,1,2,2,0,2,2,2,0,2,2,2,2,2,2,0]
6	110	566	146.204898	0.163156	[362.40,226.20,450.00,566.00,153.60,496.80]	[3,1,3,3,3,3,3,3,3,0,0,4,4,0,0,1,3,0,2,3,4,5,5,5]	[0,1,1,0,0,1,2,0,0,1,2,2,0,2,2,2,0,2,2,2,2,2,2,0]
6	111	496.8	77.940841	0.167006	[328.60,260.00,450.00,371.30,350.40,496.80]	[3,0,3,3,3,3,3,4,4,0,1,4,4,0,0,1,3,0,2,3,4,5,5,5]	[0,1,0,0,0,1,2,0,0,1,2,2,0,2,2,2,0,2,2,2,2,2,2,0]
6	112	496.8	107.340089	0.164206	[328.60,260.00,450.00,488.10,231.80,496.80]	[3,0,3,3,3,3,3,4,4,0,1,3,3,0,0,1,3,0,2,3,4,5,5,5]	[0,1,0,0,0,1,2,0,0,1,2,2,0,2,2,2,0,2,2,2,2,2,2,0]
6	113	496.8	76.738575	0.168718	[350.00,292.70,450.00,379.30,288.60,496.80]	[1,1,3,3,3,3,4,4,4,1,1,3,3,0,0,0,3,0,2,3,4,5,5,5]	[0,0,1,0,0,1,2,0,0,1,2,2,0,2,2,2,0,2,2,2,2,2,2,0]
6	114	496.8	80.632369	0.166021	[327.40,260.00,450.00,398.40,324.80,496.80]	[3,0,3,3,3,4,4,4,4,0,1,3,3,0,0,1,3,0,2,3,4,5,5,5]	[0,1,1,0,0,1,2,0,0,1,2,2,0,2,2,2,0,2,2,2,2,2,2,0]
6	115	496.8	153.738075	0.162153	[487.40,100.00,450.00,487.20,231.80,496.80]	[3,0,3,3,3,3,3,4,4,0,1,3,3,0,0,0,3,0,2,3,4,5,5,5]	[0,1,1,0,0,1,2,0,0,1,2,2,0,2,2,2,0,2,2,2,2,2,2,0]
6	116	569.3	142.94356	0.163007	[328.60,260.00,450.00,569.30,153.60,496.80]	[3,0,3,3,3,3,3,3,3,0,1,4,4,0,0,1,3,0,2,3,4,5,5,5]	[0,1,1,0,0,1,2,0,0,1,2,2,0,2,2,2,0,2,2,2,2,2,2,0]
6	117	496.8	79.975302	0.166636	[327.40,260.00,450.00,391.60,328.60,496.80]	[3,0,3,3,3,3,4,4,4,0,1,3,3,0,0,1,3,0,2,4,4,5,5,5]	[0,1,0,0,0,1,2,0,0,1,2,2,0,2,2,2,0,2,2,2,2,2,2,0]
6	118	496.8	88.304179	0.164646	[327.40,260.00,450.00,433.10,288.60,496.80]	[3,0,3,3,3,3,4,4,4,0,1,3,3,0,0,1,3,0,2,3,4,5,5,5]	[0,1,1,0,0,1,2,0,0,1,2,2,0,2,2,2,0,2,2,2,2,2,2,0]
6	119	496.8	71.959535	0.170093	[350.00,294.50,450.00,343.40,324.80,496.80]	[1,1,3,3,3,4,4,4,4,1,1,3,3,0,0,0,3,0,2,3,4,5,5,5]	[0,0,1,0,0,1,2,0,0,1,2,2,0,2,2,2,0,2,2,2,2,2,2,0]
7	120	496.8	73.446634	0.177619	[345.40,450.00,284.50,356.80,324.80,496.80]	[0,2,0,2,3,4,4,4,4,2,0,3,3,2,0,3,3,0,1,2,4,5,5,5]	[0,1,0,0,0,1,2,0,0,0,2,2,0,2,2,2,0,2,2,2,2,2,2,0]
7	121	496.8	81.616755	0.169262	[416.30,450.00,286.20,325.20,288.60,496.80]	[0,2,0,3,3,3,4,4,4,0,0,3,3,2,0,2,3,0,1,3,4,5,5,5]	[0,1,1,0,0,1,2,0,0,0,2,2,0,2,2,2,0,2,2,2,2,2,2,0]
7	122	510	169.572105	0.164345	[416.00,510.00,40.00,509.60,288.60,496.80]	[0,3,0,3,3,3,4,4,4,0,0,3,3,1,0,3,3,0,1,2,4,5,5,5]	[0,1,1,0,0,1,2,0,0,1,2,2,0,2,2,2,0,2,2,2,2,2,2,0]
7	123	539.9	159.234109	0.16311	[417.20,450.00,65.00,539.90,293.60,496.80]	[0,2,0,3,3,3,3,3,3,0,0,3,3,4,0,4,4,0,1,3,4,5,5,5]	[0,1,1,0,0,1,2,0,0,1,2,2,0,2,2,2,0,2,2,2,2,2,2,0]
7	124	584	170.006396	0.161947	[416.90,450.00,80.00,584.00,231.80,496.80]	[0,3,0,3,3,3,3,4,4,0,0,2,3,3,0,3,3,0,1,3,4,5,5,5]	[0,1,1,0,0,1,2,0,0,1,2,2,0,2,2,2,0,2,2,2,2,2,2,0]
7	125	496.8	90.465899	0.168056	[415.70,450.00,220.00,326.30,350.40,496.80]	[0,3,0,3,3,3,3,4,4,0,0,4,4,2,0,2,3,0,1,3,4,5,5,5]	[0,0,1,0,0,1,2,0,0,1,2,2,0,2,2,2,0,2,2,2,2,2,2,0]
7	126	496.8	82.33751	0.168479	[415.70,450.00,286.20,318.30,288.60,496.80]	[0,2,0,3,3,3,4,4,4,0,0,3,3,2,0,2,3,0,1,3,4,5,5,5]	[0,1,1,0,0,1,2,0,0,1,2,2,0,2,2,2,0,2,2,2,2,2,2,0]
7	127	581.3	169.044843	0.16234	[412.70,450.00,80.00,581.30,233.60,496.80]	[0,3,0,3,3,3,3,3,3,0,0,2,3,3,0,4,4,0,1,3,4,5,5,5]	[0,1,1,0,0,0,2,0,0,1,2,2,0,2,2,2,0,2,2,2,2,2,2,0]
7	128	510	121.477548	0.164472	[415.40,510.00,160.00,388.10,288.60,496.80]	[0,3,0,3,3,3,4,4,4,0,0,3,3,1,0,2,3,0,1,3,4,5,5,5]	[0,1,1,0,0,1,2,0,0,1,2,2,0,2,2,2,0,2,2,2,2,2,2,0]
7	129	496.8	90.507245	0.167068	[415.10,450.00,220.00,351.60,324.80,496.80]	[0,3,0,3,3,4,4,4,4,0,0,3,3,2,0,2,3,0,1,3,4,5,5,5]	[0,1,1,0,0,1,2,0,0,1,2,2,0,2,2,2,0,2,2,2,2,2,2,0]
7	130	496.8	78.501076	0.177109	[356.80,450.00,381.00,281.80,288.60,496.80]	[2,2,0,3,3,3,4,4,4,0,0,3,3,2,0,2,2,0,1,3,4,5,5,5]	[0,1,0,0,0,0,2,0,0,0,2,2,0,2,2,2,0,2,2,2,2,2,2,0]
7	131	496.8	108.780581	0.164475	[415.70,450.00,220.00,441.00,231.80,496.80]	[0,3,0,3,3,3,3,4,4,0,0,3,3,2,0,2,3,0,1,3,4,5,5,5]	[0,1,1,0,0,1,2,0,0,1,2,2,0,2,2,2,0,2,2,2,2,2,2,0]
7	132	518.1	138.339795	0.164353	[414.50,450.00,146.20,518.10,233.60,496.80]	[0,2,0,3,3,3,3,3,3,0,0,2,3,3,0,4,4,0,1,3,4,5,5,5]	[0,1,1,0,0,1,2,0,0,1,2,2,0,2,2,2,0,2,2,2,2,2,2,0]
7	133	496.8	94.538923	0.165694	[414.50,450.00,220.00,386.00,288.60,496.80]	[0,3,0,3,3,3,4,4,4,0,0,3,3,2,0,2,3,0,1,3,4,5,5,5]	[0,1,1,0,0,1,2,0,0,1,2,2,0,2,2,2,0,2,2,2,2,2,2,0]
7	134	496.8	81.567608	0.17043	[414.20,450.00,286.80,323.10,288.60,496.80]	[0,2,0,3,3,3,4,4,4,0,0,3,3,2,0,2,3,0,1,3,4,5,5,5]	[0,0,0,0,0,1,2,0,0,1,2,2,0,2,2,2,0,2,2,2,2,2,2,0]
7	135	525.1	152.27732	0.163937	[415.70,450.00,80.00,525.10,288.60,496.80]	[0,3,0,3,3,3,4,4,4,0,0,2,3,3,0,3,3,0,1,3,4,5,5,5]	[0,1,1,0,0,0,2,0,0,1,2,2,0,2,2,2,0,2,2,2,2,2,2,0]
8	136	568.6	158.7404	0.172415	[284.80,520.00,291.20,479.30,116.80,568.60]	[0,0,3,3,3,3,3,3,5,2,0,4,4,2,0,2,3,1,1,3,5,5,5,5]	[0,1,1,0,0,1,2,0,0,1,2,2,0,2,2,2,0,2,2,2,2,2,2,0]
8	137	568.6	183.704622	0.170216	[297.40,506.80,70.00,561.10,256.80,568.60]	[1,0,3,3,3,3,3,3,5,2,0,3,3,4,0,4,4,0,1,3,5,5,5,5]	[0,1,1,0,0,1,2,0,0,0,2,2,0,2,2,2,0,2,2,2,2,2,2,0]
8	138	568.6	161.933097	0.17231	[181.80,170.00,450.00,556.60,331.30,568.60]	[0,0,3,3,3,4,4,4,5,3,1,3,3,3,0,3,4,1,2,4,5,5,5,5]	[0,0,1,0,0,1,2,0,0,1,2,2,0,2,2,2,0,2,2,2,2,2,2,0]
8	139	594.9	182.316816	0.169501	[284.20,70.00,450.00,594.90,293.00,568.60]	[0,0,3,3,3,4,4,4,5,3,0,3,3,3,0,3,3,1,2,4,5,5,5,5]	[0,1,1,0,0,1,2,0,0,0,2,2,0,2,2,2,0,2,2,2,2,2,2,0]
8	140	568.6	186.079987	0.169465	[284.50,520.00,70.00,559.60,256.80,568.60]	[0,0,3,3,3,3,3,3,5,2,0,3,3,4,0,4,4,1,1,3,5,5,5,5]	[0,1,0,0,0,1,2,0,0,1,2,2,0,2,2,2,0,2,2,2,2,2,2,0]
8	141	568.6	155.989505	0.172516	[183.60,170.00,450.00,529.20,353.60,568.60]	[0,0,3,3,3,3,3,4,5,3,1,4,4,3,0,3,4,1,2,4,5,5,5,5]	[0,0,1,0,0,1,2,0,0,1,2,2,0,2,2,2,0,2,2,2,2,2,2,0]
8	142	579.3	191.818887	0.168676	[283.30,520.00,70.00,579.30,236.80,568.60]	[0,0,3,3,3,3,3,3,5,2,0,3,3,3,0,4,4,1,1,4,5,5,5,5]	[0,1,1,0,0,1,2,0,0,1,2,2,0,2,2,2,0,2,2,2,2,2,2,0]
8	143	568.6	164.150578	0.171109	[284.50,520.00,70.00,399.50,411.80,568.60]	[0,0,3,3,3,3,4,4,5,2,0,3,3,3,0,4,4,1,1,3,5,5,5,5]	[0,1,1,0,0,0,2,0,0,1,2,2,0,2,2,2,0,2,2,2,2,2,2,0]
8	144	568.6	176.316474	0.170676	[283.30,520.00,70.00,518.10,296.80,568.60]	[0,0,3,3,3,3,3,3,5,2,0,3,3,4,0,4,4,1,1,4,5,5,5,5]	[0,1,0,0,0,1,2,0,0,1,2,2,0,2,2,2,0,2,2,2,2,2,2,0]
8	145	568.6	103.552461	0.179484	[354.80,450.00,328.60,261.60,298.60,568.60]	[0,0,3,3,4,4,4,4,5,2,0,3,3,2,0,2,2,0,1,3,5,5,5,5]	[0,1,1,0,0,0,2,0,0,0,2,2,0,2,2,2,0,2,2,2,2,2,2,0]
8	146	590.5	172.095385	0.169927	[216.80,136.20,450.00,590.50,296.80,568.60]	[0,1,3,3,3,3,3,3,5,3,0,3,3,4,0,4,4,1,2,4,5,5,5,5]	[0,1,1,0,0,1,2,0,0,1,2,2,0,2,2,2,0,2,2,2,2,2,2,0]
8	147	568.6	125.89099	0.176394	[284.50,520.00,329.20,339.20,216.80,568.60]	[0,0,3,3,3,3,4,4,5,2,0,3,3,2,0,2,2,1,1,3,5,5,5,5]	[0,1,1,0,0,0,2,0,0,1,2,2,0,2,2,2,0,2,2,2,2,2,2,0]
8	148	568.6	120.98422	0.177975	[283.30,520.00,328.00,279.80,276.80,568.60]	[0,0,3,3,3,3,3,4,5,2,0,4,4,2,0,2,2,1,1,3,5,5,5,5]	[0,1,1,0,0,0,2,0,0,1,2,2,0,2,2,2,0,2,2,2,2,2,2,0]
8	149	546.3	173.970282	0.172144	[282.70,520.00,70.00,303.60,546.30,531.80]	[0,0,3,3,3,4,4,4,4,2,0,3,3,4,0,4,4,1,1,3,5,5,5,5]	[0,1,0,0,0,1,2,0,0,1,2,2,0,2,2,2,0,2,2,2,2,2,2,0]
8	150	568.6	139.267158	0.172829	[284.20,141.20,450.00,472.20,344.50,568.60]	[0,0,3,4,4,4,4,4,5,1,0,3,3,3,0,3,3,1,2,3,5,5,5,5]	[0,1,0,0,0,1,2,0,0,1,2,2,0,2,2,2,0,2,2,2,2,2,2,0]
8	151	531.8	144.593196	0.174496	[160.00,191.80,450.00,471.00,454.00,531.80]	[1,1,3,3,3,3,3,3,4,3,0,4,4,4,0,4,4,1,2,4,5,5,5,5]	[0,0,0,0,0,1,2,0,0,1,2,2,0,2,2,2,0,2,2,2,2,2,2,0]
8	152	594.6	171.777573	0.16996	[182.70,170.00,450.00,594.60,293.00,568.60]	[0,0,3,3,3,4,4,4,5,3,1,3,3,3,0,3,3,1,2,4,5,5,5,5]	[0,1,1,0,0,1,2,0,0,1,2,2,0,2,2,2,0,2,2,2,2,2,2,0]
9	153	528.1	151.161202	0.166375	[254.50,450.00,100.00,528.10,430.40,496.80]	[3,0,0,3,3,3,3,4,4,3,2,3,3,0,3,4,4,0,1,3,4,5,5,5]	[0,0,1,0,0,1,2,0,0,0,2,2,0,2,2,2,0,2,2,2,2,2,2,0]
9	154	569.6	146.339988	0.167593	[254.80,450.00,140.00,569.60,352.20,496.80]	[3,0,0,3,3,3,3,3,3,3,2,4,4,0,3,4,4,0,1,2,4,5,5,5]	[0,0,1,0,0,1,2,0,0,1,2,2,0,2,2,2,0,2,2,2,2,2,2,0]
9	155	496.8	119.467578	0.169154	[254.20,450.00,171.20,453.60,428.60,496.80]	[3,0,0,3,3,3,3,4,4,2,2,3,3,0,3,4,4,0,1,3,4,5,5,5]	[0,0,1,0,0,0,2,0,0,1,2,2,0,2,2,2,0,2,2,2,2,2,2,0]
9	156	528.7	151.399842	0.165592	[252.70,450.00,100.00,528.70,428.60,496.80]	[3,0,0,3,3,3,3,4,4,3,2,3,3,0,3,4,4,0,1,3,4,5,5,5]	[0,0,1,0,0,1,2,0,0,1,2,2,0,2,2,2,0,2,2,2,2,2,2,0]
9	157	584.5	150.811344	0.166801	[253.60,450.00,140.00,584.50,328.60,496.80]	[3,0,0,3,3,3,3,3,3,3,2,3,4,0,4,4,4,0,1,2,4,5,5,5]	[0,1,1,0,0,1,2,0,0,1,2,2,0,2,2,2,0,2,2,2,2,2,2,0]
9	158	496.8	78.29011	0.176788	[255.40,450.00,358.60,333.10,370.40,496.80]	[3,0,0,3,4,4,4,4,4,3,2,3,3,0,2,2,2,0,1,3,4,5,5,5]	[0,0,0,0,0,0,2,0,0,1,2,2,0,2,2,2,0,2,2,2,2,2,2,0]
9	159	507.5	118.134731	0.170033	[254.20,450.00,200.00,507.50,352.20,496.80]	[3,0,0,3,3,3,3,3,3,3,2,4,4,0,2,4,4,0,1,2,4,5,5,5]	[0,1,0,0,0,1,2,0,0,1,2,2,0,2,2,2,0,2,2,2,2,2,2,0]
9	160	496.8	94.762764	0.170065	[251.20,450.00,252.40,376.30,430.40,496.80]	[3,0,0,3,3,3,3,4,4,2,2,2,3,0,3,4,4,0,1,3,4,5,5,5]	[0,1,1,0,0,1,2,0,0,1,2,2,0,2,2,2,0,2,2,2,2,2,2,0]
9	161	496.8	93.947156	0.171626	[255.40,450.00,251.20,378.10,428.60,496.80]	[3,0,0,3,3,3,3,4,4,2,2,2,3,0,3,4,4,0,1,3,4,5,5,5]	[0,0,0,0,0,1,2,0,0,1,2,2,0,2,2,2,0,2,2,2,2,2,2,0]
9	162	496.8	79.036672	0.175111	[255.40,450.00,360.00,325.10,371.30,496.80]	[3,0,0,3,4,4,4,4,4,3,2,3,3,0,2,2,3,0,1,2,4,5,5,5]	[0,0,0,0,0,1,2,0,0,1,2,2,0,2,2,2,0,2,2,2,2,2,2,0]
9	163	571.3	134.994079	0.166845	[251.20,450.00,252.40,571.30,233.60,496.80]	[3,0,0,3,3,3,3,3,3,2,2,2,3,0,3,4,4,0,1,3,4,5,5,5]	[0,1,1,0,0,1,2,0,0,1,2,2,0,2,2,2,0,2,2,2,2,2,2,0]
9	164	496.8	79.968445	0.171907	[253.30,450.00,320.00,366.60,371.30,496.80]	[3,0,0,3,4,4,4,4,4,3,2,3,3,0,2,2,3,0,1,3,4,5,5,5]	[0,1,0,0,0,1,2,0,0,1,2,2,0,2,2,2,0,2,2,2,2,2,2,0]
9	165	496.8	148.635801	0.167586	[254.20,450.00,100.00,488.10,470.40,496.80]	[3,0,0,3,3,3,3,4,4,3,2,3,3,0,3,4,4,0,1,4,4,5,5,5]	[0,0,1,0,0,1,2,0,0,0,2,2,0,2,2,2,0,2,2,2,2,2,2,0]
9	166	529.6	151.307947	0.166363	[254.50,450.00,100.00,529.60,428.60,496.80]	[3,0,0,3,3,3,3,4,4,3,2,3,3,0,3,4,4,0,1,3,4,5,5,5]	[0,0,1,0,0,0,2,0,0,1,2,2,0,2,2,2,0,2,2,2,2,2,2,0]
9	167	496.8	94.707421	0.170847	[252.70,450.00,251.20,379.90,430.40,496.80]	[3,0,0,3,3,3,3,4,4,2,2,2,3,0,3,4,4,0,1,3,4,5,5,5]	[0,0,1,0,0,1,2,0,0,1,2,2,0,2,2,2,0,2,2,2,2,2,2,0]
9	168	496.8	120.007061	0.167601	[252.40,450.00,171.20,454.50,430.40,496.80]	[3,0,0,3,3,3,3,4,4,2,2,3,3,0,3,4,4,0,1,3,4,5,5,5]	[0,1,1,0,0,1,2,0,0,1,2,2,0,2,2,2,0,2,2,2,2,2,2,0]
9	169	496.8	148.668428	0.166811	[253.00,450.00,100.00,474.30,483.60,496.80]	[3,0,0,3,3,3,4,4,4,3,2,3,3,0,3,4,4,0,1,3,4,5,5,5]	[0,0,1,0,0,1,2,0,0,1,2,2,0,2,2,2,0,2,2,2,2,2,2,0]
10	170	496.8	71.48421	0.169422	[299.80,330.00,450.00,348.60,332.20,496.80]	[0,0,0,3,3,3,4,4,4,3,1,3,3,0,0,1,3,1,2,4,4,5,5,5]	[0,0,1,0,0,0,2,0,0,0,2,2,0,2,2,2,0,2,2,2,2,2,2,0]
10	171	573.1	174.983748	0.161413	[409.50,290.00,450.00,573.10,35.00,496.80]	[0,0,0,3,3,3,3,3,3,0,0,3,3,0,1,1,3,1,2,3,4,5,5,5]	[0,1,1,0,0,1,2,0,0,1,2,2,0,2,2,2,0,2,2,2,2,2,2,0]
10	172	496.8	82.127902	0.165844	[410.10,290.00,450.00,334.50,275.40,496.80]	[0,0,0,3,3,3,3,4,4,0,0,3,3,0,1,1,3,1,2,4,4,5,5,5]	[0,1,1,0,0,1,2,0,0,1,2,2,0,2,2,2,0,2,2,2,2,2,2,0]
10	173	536.3	146.27862	0.164137	[412.20,130.00,450.00,536.30,231.80,496.80]	[0,0,0,3,3,3,3,4,4,0,0,3,3,0,1,3,3,1,2,3,4,5,5,5]	[0,1,0,0,0,1,2,0,0,1,2,2,0,2,2,2,0,2,2,2,2,2,2,0]
10	174	536.3	167.483337	0.161758	[469.20,230.00,450.00,536.30,71.80,496.80]	[0,0,0,3,3,3,3,3,3,0,0,3,4,0,0,1,3,1,2,3,4,5,5,5]	[0,1,1,0,0,1,2,0,0,1,2,2,0,2,2,2,0,2,2,2,2,2,2,0]
10	175	496.8	73.026854	0.167248	[339.80,362.40,450.00,323.10,288.60,496.80]	[0,0,0,3,3,3,4,4,4,1,0,3,3,0,1,1,3,1,2,3,4,5,5,5]	[0,1,1,0,0,1,2,0,0,1,2,2,0,2,2,2,0,2,2,2,2,2,2,0]
10	176	496.8	100.528941	0.164631	[469.20,230.00,450.00,321.90,288.60,496.80]	[0,0,0,3,3,3,4,4,4,0,0,3,3,0,0,1,3,1,2,3,4,5,5,5]	[0,1,1,0,0,1,2,0,0,1,2,2,0,2,2,2,0,2,2,2,2,2,2,0]
10	177	570.4	184.633894	0.160963	[471.30,230.00,450.00,570.40,35.00,496.80]	[0,0,0,3,3,3,3,3,3,0,0,3,3,0,0,1,3,1,2,3,4,5,5,5]	[0,1,1,0,0,0,2,0,0,1,2,2,0,2,2,2,0,2,2,2,2,2,2,0]
10	178	496.8	73.769651	0.165874	[370.40,330.00,450.00,323.10,288.60,496.80]	[0,0,0,3,3,3,4,4,4,0,1,3,3,0,0,1,3,1,2,3,4,5,5,5]	[0,1,1,0,0,1,2,0,0,1,2,2,0,2,2,2,0,2,2,2,2,2,2,0]
10	179	535.4	167.424037	0.16253	[470.10,230.00,450.00,535.40,71.80,496.80]	[0,0,0,3,3,3,3,3,4,0,0,3,3,0,0,1,3,1,2,3,4,5,5,5]	[0,1,1,0,0,0,2,0,0,1,2,2,0,2,2,2,0,2,2,2,2,2,2,0]
10	180	496.8	91.500354	0.164993	[413.60,286.80,450.00,374.50,231.80,496.80]	[1,0,0,3,3,3,3,4,4,0,0,3,3,0,0,1,3,1,2,3,4,5,5,5]	[0,1,1,0,0,1,2,0,0,1,2,2,0,2,2,2,0,2,2,2,2,2,2,0]
10	181	496.8	72.69696	0.168999	[356.30,346.80,450.00,323.40,288.60,496.80]	[1,0,0,3,3,3,4,4,4,0,0,3,3,0,1,1,3,1,2,3,4,5,5,5]	[0,0,1,0,0,1,2,0,0,0,2,2,0,2,2,2,0,2,2,2,2,2,2,0]
10	182	496.8	80.646754	0.165852	[409.50,290.00,450.00,323.10,288.60,496.80]	[0,0,0,3,3,3,4,4,4,0,0,3,3,0,1,1,3,1,2,3,4,5,5,5]	[0,1,1,0,0,1,2,0,0,1,2,2,0,2,2,2,0,2,2,2,2,2,2,0]
10	183	496.8	149.391083	0.16297	[471.90,230.00,450.00,496.30,113.60,496.80]	[0,0,0,3,3,3,3,3,3,0,0,3,4,0,0,1,3,1,2,4,4,5,5,5]	[0,1,1,0,0,1,2,0,0,1,2,2,0,2,2,2,0,2,2,2,2,2,2,0]
10	184	496.8	90.872689	0.165412	[411.90,290.00,450.00,376.30,231.80,496.80]	[0,0,0,3,3,3,3,4,4,0,0,3,3,0,1,1,3,1,2,3,4,5,5,5]	[0,1,0,0,0,1,2,0,0,1,2,2,0,2,2,2,0,2,2,2,2,2,2,0]
10	185	496.8	72.712348	0.167433	[353.60,348.60,450.00,323.40,288.60,496.80]	[1,0,0,3,3,3,4,4,4,0,0,3,3,0,1,1,3,1,2,3,4,5,5,5]	[0,1,1,0,0,1,2,0,0,1,2,2,0,2,2,2,0,2,2,2,2,2,2,0]
10	186	496.8	108.806287	0.164183	[470.10,230.00,450.00,375.40,231.80,496.80]	[0,0,0,3,3,3,3,4,4,0,0,3,3,0,0,1,3,1,2,3,4,5,5,5]	[0,1,1,0,0,0,2,0,0,1,2,2,0,2,2,2,0,2,2,2,2,2,2,0]
11	187	496.8	81.928107	0.168234	[310.40,250.00,450.00,379.50,372.20,496.80]	[0,0,0,3,3,3,3,3,3,0,1,1,4,0,4,4,4,1,2,4,4,5,5,5]	[0,1,1,0,0,1,2,0,0,1,2,2,0,2,2,2,0,2,2,2,2,2,2,0]
11	188	496.8	85.174261	0.166667	[310.40,250.00,450.00,414.50,333.60,496.80]	[0,0,0,3,3,3,3,3,3,0,1,1,3,0,4,4,4,1,2,4,4,5,5,5]	[0,1,1,0,0,1,2,0,0,1,2,2,0,2,2,2,0,2,2,2,2,2,2,0]
11	189	496.8	101.460677	0.16544	[377.70,180.00,450.00,414.50,333.60,496.80]	[0,0,0,3,3,3,3,3,3,0,1,1,3,0,4,4,4,0,2,4,4,5,5,5]	[0,1,1,0,0,1,2,0,0,1,2,2,0,2,2,2,0,2,2,2,2,2,2,0]
11	190	496.8	109.122476	0.164228	[379.20,180.00,450.00,454.50,293.60,496.80]	[0,0,0,3,3,3,3,3,3,0,1,1,3,0,4,4,4,0,2,3,4,5,5,5]	[0,1,1,0,0,1,2,0,0,1,2,2,0,2,2,2,0,2,2,2,2,2,2,0]
11	191	496.8	94.373066	0.165455	[310.40,250.00,450.00,456.00,293.60,496.80]	[0,0,0,3,3,3,3,3,3,0,1,1,3,0,4,4,4,1,2,3,4,5,5,5]	[0,1,1,0,0,1,2,0,0,1,2,2,0,2,2,2,0,2,2,2,2,2,2,0]
11	192	496.8	81.767851	0.169012	[311.60,250.00,450.00,379.50,372.20,496.80]	[0,0,0,3,3,3,3,3,3,0,1,1,4,0,4,4,4,1,2,4,4,5,5,5]	[0,1,0,0,0,1,2,0,0,1,2,2,0,2,2,2,0,2,2,2,2,2,2,0]
11	193	496.8	94.303653	0.166237	[311.00,250.00,450.00,456.00,293.60,496.80]	[0,0,0,3,3,3,3,3,3,0,1,1,3,0,4,4,4,1,2,3,4,5,5,5]	[0,0,1,0,0,1,2,0,0,1,2,2,0,2,2,2,0,2,2,2,2,2,2,0]
11	194	496.8	74.004925	0.170766	[311.00,286.80,450.00,352.20,368.40,496.80]	[0,0,0,3,3,4,4,4,4,0,1,1,1,0,3,3,3,1,2,4,4,5,5,5]	[0,0,1,0,0,1,2,0,0,1,2,2,0,2,2,2,0,2,2,2,2,2,2,0]
11	195	496.8	84.475591	0.168053	[254.50,307.40,450.00,414.50,333.60,496.80]	[0,0,1,3,3,3,3,3,3,0,1,1,3,0,4,4,4,1,2,4,4,5,5,5]	[0,1,1,0,0,1,2,0,0,1,2,2,0,2,2,2,0,2,2,2,2,2,2,0]
11	196	496.8	84.585744	0.166835	[310.40,252.40,450.00,414.50,333.60,496.80]	[0,0,0,3,3,3,3,3,3,1,1,1,3,0,4,4,4,0,2,4,4,5,5,5]	[0,1,1,0,0,1,2,0,0,1,2,2,0,2,2,2,0,2,2,2,2,2,2,0]
11	197	496.8	94.311464	0.166234	[311.30,250.00,450.00,456.30,293.60,496.80]	[0,0,0,3,3,3,3,3,3,0,1,1,3,0,4,4,4,1,2,3,4,5,5,5]	[0,1,0,0,0,1,2,0,0,1,2,2,0,2,2,2,0,2,2,2,2,2,2,0]
11	198	496.8	136.948219	0.164207	[379.80,100.00,450.00,496.30,333.60,496.80]	[0,0,0,3,3,3,3,3,3,0,1,3,3,0,4,4,4,0,2,4,4,5,5,5]	[0,1,1,0,0,1,2,0,0,1,2,2,0,2,2,2,0,2,2,2,2,2,2,0]
11	199	496.8	148.634279	0.162985	[482.50,80.00,450.00,458.10,293.60,496.80]	[0,0,0,3,3,3,3,3,3,0,0,1,3,0,4,4,4,0,2,3,4,5,5,5]	[0,1,1,0,0,1,2,0,0,1,2,2,0,2,2,2,0,2,2,2,2,2,2,0]
11	200	496.8	75.752941	0.169369	[311.00,286.80,450.00,386.30,330.40,496.80]	[0,0,0,3,3,3,3,3,4,0,1,1,1,0,4,4,4,1,2,3,4,5,5,5]	[0,1,0,0,0,1,2,0,0,1,2,2,0,2,2,2,0,2,2,2,2,2,2,0]
12	201	593.7	170.931764	0.165044	[353.60,450.00,55.00,593.70,310.40,496.80]	[2,0,0,3,3,3,3,3,4,3,0,3,3,0,3,4,4,0,1,4,4,5,5,5]	[0,1,1,0,0,1,2,0,0,1,2,2,0,2,2,2,0,2,2,2,2,2,2,0]
12	202	496.8	77.403024	0.175864	[353.00,450.00,306.30,378.60,273.60,496.80]	[2,0,0,3,3,3,3,3,3,2,0,2,2,0,2,4,4,0,1,4,4,5,5,5]	[0,0,1,0,0,0,2,0,0,1,2,2,0,2,2,2,0,2,2,2,2,2,2,0]
12	203	496.8	150.355162	0.166544	[352.40,55.00,450.00,434.30,468.60,496.80]	[1,0,0,3,3,3,3,4,4,3,0,3,3,0,3,4,4,0,2,4,4,5,5,5]	[0,1,1,0,0,1,2,0,0,1,2,2,0,2,2,2,0,2,2,2,2,2,2,0]
12	204	496.8	126.231872	0.166576	[252.40,156.80,450.00,472.20,430.40,496.80]	[1,0,0,3,3,3,3,4,4,3,1,3,3,0,3,4,4,0,2,3,4,5,5,5]	[0,1,1,0,0,1,2,0,0,1,2,2,0,2,2,2,0,2,2,2,2,2,2,0]
12	205	539.9	135.059498	0.165926	[354.80,450.00,151.20,539.90,268.60,496.80]	[3,0,0,3,3,3,3,3,4,2,0,2,3,0,3,4,4,0,1,3,4,5,5,5]	[0,1,1,0,0,1,2,0,0,1,2,2,0,2,2,2,0,2,2,2,2,2,2,0]
12	206	496.8	150.616737	0.166117	[351.20,55.00,450.00,473.10,430.40,496.80]	[1,0,0,3,3,3,3,4,4,3,0,3,3,0,3,4,4,0,2,3,4,5,5,5]	[0,1,1,0,0,1,2,0,0,0,2,2,0,2,2,2,0,2,2,2,2,2,2,0]
12	207	592.5	184.218769	0.164674	[351.20,506.80,40.00,592.50,268.60,496.80]	[1,0,0,3,3,3,3,3,4,3,0,3,3,0,3,4,4,0,1,2,4,5,5,5]	[0,1,1,0,0,1,2,0,0,1,2,2,0,2,2,2,0,2,2,2,2,2,2,0]
12	208	496.8	116.65131	0.166792	[353.60,450.00,151.20,469.50,333.60,496.80]	[3,0,0,3,3,3,3,3,3,2,0,2,3,0,4,4,4,0,1,4,4,5,5,5]	[0,1,1,0,0,1,2,0,0,1,2,2,0,2,2,2,0,2,2,2,2,2,2,0]
12	209	576.7	148.045471	0.165534	[351.20,450.00,151.80,576.70,233.60,496.80]	[3,0,0,3,3,3,3,3,3,2,0,2,3,0,3,4,4,0,1,3,4,5,5,5]	[0,1,1,0,0,1,2,0,0,0,2,2,0,2,2,2,0,2,2,2,2,2,2,0]
12	210	496.8	85.554318	0.171954	[354.20,450.00,269.20,414.50,273.60,496.80]	[2,0,0,3,3,3,3,3,3,2,0,2,3,0,2,4,4,0,1,4,4,5,5,5]	[0,1,0,0,0,1,2,0,0,1,2,2,0,2,2,2,0,2,2,2,2,2,2,0]
12	211	496.8	98.598283	0.169225	[411.00,450.00,252.40,414.50,233.60,496.80]	[0,0,0,3,3,3,3,3,3,2,0,2,3,0,2,4,4,0,1,2,4,5,5,5]	[0,1,1,0,0,1,2,0,0,1,2,2,0,2,2,2,0,2,2,2,2,2,2,0]
12	212	496.8	93.300887	0.169954	[352.40,450.00,207.70,414.50,333.60,496.80]	[2,0,0,3,3,3,3,3,3,2,0,2,3,0,4,4,4,0,1,4,4,5,5,5]	[0,1,1,0,0,1,2,0,0,1,2,2,0,2,2,2,0,2,2,2,2,2,2,0]
12	213	517.8	143.315522	0.16594	[351.20,506.80,151.20,517.80,233.60,496.80]	[1,0,0,3,3,3,3,3,3,2,0,2,3,0,3,4,4,0,1,3,4,5,5,5]	[0,1,1,0,0,1,2,0,0,1,2,2,0,2,2,2,0,2,2,2,2,2,2,0]
12	214	496.8	105.142434	0.168718	[409.50,450.00,197.70,429.50,273.60,496.80]	[0,0,0,2,3,3,3,3,3,2,0,2,3,0,3,4,4,0,1,4,4,5,5,5]	[0,1,1,0,0,1,2,0,0,1,2,2,0,2,2,2,0,2,2,2,2,2,2,0]
12	215	554.6	161.281014	0.165065	[353.60,450.00,55.00,554.60,352.20,496.80]	[2,0,0,3,3,3,3,3,3,3,0,4,4,0,3,4,4,0,1,3,4,5,5,5]	[0,1,1,0,0,1,2,0,0,1,2,2,0,2,2,2,0,2,2,2,2,2,2,0]
12	216	548.1	158.554246	0.1659	[352.70,450.00,60.00,548.10,348.60,496.80]	[3,0,0,3,3,3,3,3,3,3,0,4,4,0,2,4,4,0,1,3,4,5,5,5]	[0,0,1,0,0,0,2,0,0,1,2,2,0,2,2,2,0,2,2,2,2,2,2,0]
12	217	496.8	78.673893	0.175053	[354.80,450.00,268.60,386.30,305.40,496.80]	[2,0,0,3,3,3,3,3,4,2,0,2,4,0,2,4,4,0,1,3,4,5,5,5]	[0,1,0,0,0,1,2,0,0,0,2,2,0,2,2,2,0,2,2,2,2,2,2,0]
12	218	496.8	71.577706	0.177476	[356.00,450.00,310.40,344.50,305.40,496.80]	[2,0,0,3,3,3,3,3,4,2,0,2,4,0,2,4,4,0,1,2,4,5,5,5]	[0,1,0,0,0,1,2,0,0,0,2,2,0,2,2,2,0,2,2,2,2,2,2,0]
13	219	531.8	107.409166	0.171381	[237.40,248.60,450.00,435.40,353.60,531.80]	[1,0,3,3,3,3,3,4,4,0,0,4,4,1,1,3,3,1,2,4,5,5,5,5]	[0,1,1,0,0,1,2,0,0,1,2,2,0,2,2,2,0,2,2,2,2,2,2,0]
13	220	531.8	119.379541	0.168569	[298.60,186.80,450.00,477.50,315.40,531.80]	[1,0,3,3,3,3,3,3,3,0,0,4,4,1,0,4,4,1,2,3,5,5,5,5]	[0,1,1,0,0,1,2,0,0,1,2,2,0,2,2,2,0,2,2,2,2,2,2,0]
13	221	531.8	109.561408	0.171182	[294.20,190.00,450.00,383.00,406.60,531.80]	[0,0,3,3,3,4,4,4,4,0,0,4,4,1,1,3,3,1,2,3,5,5,5,5]	[0,1,1,0,0,1,2,0,0,1,2,2,0,2,2,2,0,2,2,2,2,2,2,0]
13	222	594.3	158.641193	0.16541	[293.00,190.00,450.00,594.30,196.80,531.80]	[0,0,3,3,3,3,3,3,3,0,0,3,3,1,1,4,4,1,2,3,5,5,5,5]	[0,1,1,0,0,1,2,0,0,1,2,2,0,2,2,2,0,2,2,2,2,2,2,0]
13	223	531.8	130.187642	0.168189	[293.30,190.00,450.00,517.50,273.60,531.80]	[0,0,3,3,3,3,3,3,4,0,0,3,3,1,1,4,4,1,2,4,5,5,5,5]	[0,1,1,0,0,1,2,0,0,1,2,2,0,2,2,2,0,2,2,2,2,2,2,0]
13	224	533.3	147.673476	0.166565	[355.70,130.00,450.00,533.30,251.80,531.80]	[0,0,3,3,3,3,4,4,4,0,0,3,3,1,0,3,3,1,2,3,5,5,5,5]	[0,1,0,0,0,1,2,0,0,1,2,2,0,2,2,2,0,2,2,2,2,2,2,0]
13	225	531.8	109.778693	0.16899	[298.60,186.80,450.00,397.50,393.60,531.80]	[1,0,3,3,3,3,3,4,4,0,0,3,3,1,0,4,4,1,2,3,5,5,5,5]	[0,1,1,0,0,1,2,0,0,1,2,2,0,2,2,2,0,2,2,2,2,2,2,0]
13	226	496.8	101.149204	0.171391	[236.20,246.80,450.00,379.50,447.20,496.80]	[1,0,3,3,3,3,4,4,4,0,0,4,4,1,1,3,3,1,2,4,4,5,5,5]	[0,1,1,0,0,1,2,0,0,1,2,2,0,2,2,2,0,2,2,2,2,2,2,0]
13	227	531.8	123.459014	0.168191	[354.50,130.00,450.00,397.80,391.80,531.80]	[0,0,3,3,3,3,3,4,4,0,0,3,3,1,0,4,4,1,2,3,5,5,5,5]	[0,0,1,0,0,1,2,0,0,1,2,2,0,2,2,2,0,2,2,2,2,2,2,0]
13	228	593.7	168.421816	0.164189	[355.40,130.00,450.00,593.70,196.80,531.80]	[0,0,3,3,3,3,3,3,3,0,0,3,3,0,1,4,4,1,2,3,5,5,5,5]	[0,1,1,0,0,1,2,0,0,1,2,2,0,2,2,2,0,2,2,2,2,2,2,0]
13	229	531.8	138.217096	0.167354	[354.20,130.00,450.00,502.20,286.80,531.80]	[0,0,3,3,3,3,4,4,4,0,0,3,4,0,1,3,3,1,2,3,5,5,5,5]	[0,1,1,0,0,1,2,0,0,1,2,2,0,2,2,2,0,2,2,2,2,2,2,0]
13	230	531.8	131.868804	0.168145	[354.20,130.00,450.00,474.50,313.60,531.80]	[0,0,3,3,3,3,3,4,4,0,0,4,4,0,1,3,3,1,2,3,5,5,5,5]	[0,1,0,0,0,1,2,0,0,1,2,2,0,2,2,2,0,2,2,2,2,2,2,0]
13	231	552.5	142.340957	0.166622	[294.20,190.00,450.00,552.50,236.80,531.80]	[0,0,3,3,3,3,3,3,3,0,0,3,3,1,1,4,4,1,2,4,5,5,5,5]	[0,1,1,0,0,1,2,0,0,1,2,2,0,2,2,2,0,2,2,2,2,2,2,0]
13	232	531.8	106.208512	0.171389	[237.40,246.80,450.00,420.70,370.40,531.80]	[1,0,3,3,3,3,4,4,4,0,0,4,4,1,1,3,3,1,2,3,5,5,5,5]	[0,1,1,0,0,1,2,0,0,1,2,2,0,2,2,2,0,2,2,2,2,2,2,0]
13	233	592.2	158.51845	0.16577	[296.20,186.80,450.00,592.20,196.80,531.80]	[1,0,3,3,3,3,3,3,3,0,0,3,3,1,0,4,4,1,2,3,5,5,5,5]	[0,1,1,0,0,1,2,0,0,1,2,2,0,2,2,2,0,2,2,2,2,2,2,0]
13	234	531.8	109.60439	0.171019	[294.50,190.00,450.00,381.30,408.60,531.80]	[0,0,3,3,3,3,4,4,4,0,0,4,4,1,1,3,3,1,2,4,5,5,5,5]	[0,1,1,0,0,1,2,0,0,1,2,2,0,2,2,2,0,2,2,2,2,2,2,0]
13	235	496.8	100.484102	0.171555	[237.40,246.80,450.00,386.60,443.10,496.80]	[1,0,3,3,3,4,4,4,4,0,0,4,4,1,1,3,3,1,2,3,4,5,5,5]	[0,1,1,0,0,1,2,0,0,1,2,2,0,2,2,2,0,2,2,2,2,2,2,0]
14	236	496.8	78.401284	0.176251	[254.20,450.00,347.40,342.20,371.30,496.80]	[0,2,0,3,4,4,4,4,4,0,2,2,3,3,2,3,3,0,1,2,4,5,5,5]	[0,1,1,0,0,1,2,0,0,1,2,2,0,2,2,2,0,2,2,2,2,2,2,0]
14	237	572.5	143.236293	0.167198	[252.70,450.00,160.00,572.50,325.40,496.80]	[0,3,0,3,3,3,4,4,4,0,2,3,4,3,2,3,3,0,1,3,4,5,5,5]	[0,1,1,0,0,1,2,0,0,1,2,2,0,2,2,2,0,2,2,2,2,2,2,0]
14	238	536.3	122.15472	0.169639	[253.90,450.00,286.20,536.30,231.80,496.80]	[0,2,0,3,3,3,3,4,4,0,2,3,3,2,2,3,3,0,1,3,4,5,5,5]	[0,1,1,0,0,1,2,0,0,1,2,2,0,2,2,2,0,2,2,2,2,2,2,0]
14	239	567.8	170.504862	0.165551	[254.50,450.00,60.00,567.80,430.40,496.80]	[0,3,0,3,3,3,3,4,4,0,3,3,3,3,2,4,4,0,1,3,4,5,5,5]	[0,1,1,0,0,1,2,0,0,0,2,2,0,2,2,2,0,2,2,2,2,2,2,0]
14	240	496.8	148.986111	0.166029	[252.70,450.00,100.00,472.80,487.20,496.80]	[0,3,0,3,3,3,4,4,4,0,2,3,3,3,3,4,4,0,1,3,4,5,5,5]	[0,1,1,0,0,1,2,0,0,1,2,2,0,2,2,2,0,2,2,2,2,2,2,0]
14	241	496.8	79.99805	0.174676	[254.50,450.00,346.20,383.60,324.80,496.80]	[0,2,0,3,3,4,4,4,4,0,2,2,3,3,2,3,3,0,1,2,4,5,5,5]	[0,1,1,0,0,1,2,0,0,1,2,2,0,2,2,2,0,2,2,2,2,2,2,0]
14	242	496.8	79.366989	0.174891	[253.90,450.00,366.20,363.30,325.40,496.80]	[0,2,0,3,3,3,4,4,4,0,2,2,3,2,2,3,4,0,1,3,4,5,5,5]	[0,1,1,0,0,1,2,0,0,1,2,2,0,2,2,2,0,2,2,2,2,2,2,0]
14	243	496.8	102.751844	0.169697	[252.70,450.00,220.00,407.20,428.60,496.80]	[0,3,0,3,3,3,3,4,4,0,2,3,3,2,2,4,4,0,1,3,4,5,5,5]	[0,1,1,0,0,1,2,0,0,1,2,2,0,2,2,2,0,2,2,2,2,2,2,0]
14	244	496.8	109.150945	0.169675	[252.70,450.00,200.00,425.70,428.60,496.80]	[0,3,0,3,3,3,3,4,4,0,2,3,3,3,2,4,4,0,1,2,4,5,5,5]	[0,1,1,0,0,1,2,0,0,1,2,2,0,2,2,2,0,2,2,2,2,2,2,0]
14	245	496.8	100.425124	0.170822	[254.80,450.00,227.40,402.80,430.40,496.80]	[0,2,0,3,3,3,3,4,4,0,2,3,3,2,3,4,4,0,1,3,4,5,5,5]	[0,1,1,0,0,1,2,0,0,0,2,2,0,2,2,2,0,2,2,2,2,2,2,0]
14	246	496.8	86.902142	0.172254	[253.00,450.00,306.20,427.20,324.80,496.80]	[0,2,0,3,3,4,4,4,4,0,2,2,3,3,2,3,3,0,1,3,4,5,5,5]	[0,1,1,0,0,1,2,0,0,1,2,2,0,2,2,2,0,2,2,2,2,2,2,0]
14	247	543.7	148.167075	0.167023	[253.30,516.20,160.00,543.70,288.60,496.80]	[0,1,0,3,3,3,4,4,4,0,2,3,3,3,2,3,3,0,1,3,4,5,5,5]	[0,1,1,0,0,1,2,0,0,1,2,2,0,2,2,2,0,2,2,2,2,2,2,0]
14	248	496.8	122.229575	0.168378	[252.70,450.00,166.20,463.10,428.60,496.80]	[0,2,0,3,3,3,3,4,4,0,2,3,3,3,3,4,4,0,1,3,4,5,5,5]	[0,1,1,0,0,1,2,0,0,0,2,2,0,2,2,2,0,2,2,2,2,2,2,0]
14	249	496.8	93.197611	0.171892	[254.50,450.00,280.00,449.80,324.80,496.80]	[0,3,0,3,3,4,4,4,4,0,2,2,3,3,2,3,3,0,1,2,4,5,5,5]	[0,1,1,0,0,1,2,0,0,1,2,2,0,2,2,2,0,2,2,2,2,2,2,0]
14	250	496.8	124.355253	0.167253	[253.30,450.00,160.00,465.70,430.40,496.80]	[0,3,0,3,3,3,3,4,4,0,2,3,3,3,2,4,4,0,1,3,4,5,5,5]	[0,1,1,0,0,1,2,0,0,1,2,2,0,2,2,2,0,2,2,2,2,2,2,0]
14	251	496.8	148.511082	0.166031	[254.50,450.00,100.00,469.00,488.60,496.80]	[0,3,0,3,3,3,3,4,4,0,2,3,3,3,4,4,4,0,1,3,4,5,5,5]	[0,1,1,0,0,1,2,0,0,1,2,2,0,2,2,2,0,2,2,2,2,2,2,0]
14	252	496.8	102.305041	0.17048	[254.50,450.00,220.00,405.40,428.60,496.80]	[0,3,0,3,3,3,3,4,4,0,2,3,3,2,2,4,4,0,1,3,4,5,5,5]	[0,1,1,0,0,1,2,0,0,0,2,2,0,2,2,2,0,2,2,2,2,2,2,0]
14	253	547.2	168.034326	0.165589	[253.90,450.00,60.00,547.20,448.60,496.80]	[0,3,0,3,3,3,3,3,3,0,4,4,4,2,3,4,4,0,1,3,4,5,5,5]	[0,1,1,0,0,1,2,0,0,1,2,2,0,2,2,2,0,2,2,2,2,2,2,0]
14	254	496.8	98.626343	0.171043	[254.20,450.00,240.00,446.30,371.30,496.80]	[0,3,0,3,4,4,4,4,4,0,2,2,3,3,2,3,3,0,1,3,4,5,5,5]	[0,1,1,0,0,1,2,0,0,1,2,2,0,2,2,2,0,2,2,2,2,2,2,0]
14	255	496.8	87.20588	0.172061	[253.90,450.00,287.40,421.30,348.60,496.80]	[0,2,0,3,3,3,3,3,3,0,2,4,4,2,2,4,4,0,1,3,4,5,5,5]	[0,1,1,0,0,1,2,0,0,1,2,2,0,2,2,2,0,2,2,2,2,2,2,0]
14	256	496.8	86.845465	0.173302	[254.20,450.00,347.40,419.50,288.60,496.80]	[0,2,0,3,3,3,4,4,4,0,2,2,3,3,2,3,3,0,1,2,4,5,5,5]	[0,1,1,0,0,1,2,0,0,1,2,2,0,2,2,2,0,2,2,2,2,2,2,0]
14	257	496.8	81.693746	0.173465	[253.30,450.00,307.40,385.40,364.80,496.80]	[0,2,0,3,3,4,4,4,4,0,2,2,3,3,2,3,3,0,1,4,4,5,5,5]	[0,1,1,0,0,1,2,0,0,1,2,2,0,2,2,2,0,2,2,2,2,2,2,0]
15	258	591.3	175.35171	0.165136	[352.70,70.00,450.00,591.30,256.80,531.80]	[3,0,0,3,3,3,3,3,3,1,0,3,3,0,4,4,4,0,2,3,5,5,5,5]	[0,1,0,0,0,1,2,0,0,1,2,2,0,2,2,2,0,2,2,2,2,2,2,0]
15	259	549.5	166.413365	0.165188	[362.40,450.00,60.00,549.50,296.80,531.80]	[3,0,0,3,3,3,3,3,3,0,0,3,3,2,4,4,4,0,1,4,5,5,5,5]	[0,1,1,0,0,1,2,0,0,1,2,2,0,2,2,2,0,2,2,2,2,2,2,0]
15	260	496.8	101.060554	0.171532	[292.40,450.00,268.30,481.30,268.60,496.80]	[2,0,0,3,3,3,3,3,3,2,0,2,4,2,3,4,4,0,1,3,4,5,5,5]	[0,1,1,0,0,1,2,0,0,1,2,2,0,2,2,2,0,2,2,2,2,2,2,0]
15	261	594	153.377165	0.165924	[293.30,131.20,450.00,594.00,293.60,496.80]	[3,0,0,3,3,3,3,3,3,1,0,3,3,1,4,4,4,0,2,3,4,5,5,5]	[0,0,1,0,0,0,2,0,0,1,2,2,0,2,2,2,0,2,2,2,2,2,2,0]
15	262	555.4	157.365071	0.165488	[351.20,70.00,450.00,555.40,330.40,496.80]	[3,0,0,3,3,3,3,3,4,1,0,3,3,0,4,4,4,0,2,3,4,5,5,5]	[0,1,1,0,0,0,2,0,0,1,2,2,0,2,2,2,0,2,2,2,2,2,2,0]
15	263	496.8	114.443926	0.169933	[293.60,450.00,187.70,496.30,333.60,496.80]	[2,0,0,3,3,3,3,3,3,2,0,3,3,2,4,4,4,0,1,4,4,5,5,5]	[0,1,1,0,0,1,2,0,0,1,2,2,0,2,2,2,0,2,2,2,2,2,2,0]
15	264	594	153.568863	0.165142	[291.20,131.20,450.00,594.00,293.60,496.80]	[3,0,0,3,3,3,3,3,3,1,0,3,3,1,4,4,4,0,2,3,4,5,5,5]	[0,1,1,0,0,0,2,0,0,1,2,2,0,2,2,2,0,2,2,2,2,2,2,0]
15	265	496.8	90.201454	0.176606	[293.30,450.00,233.60,416.30,372.20,496.80]	[2,0,0,2,3,3,3,3,3,2,0,3,4,2,4,4,4,0,1,4,4,5,5,5]	[0,0,1,0,0,1,2,0,0,0,2,2,0,2,2,2,0,2,2,2,2,2,2,0]
15	266	496.8	120.323763	0.169172	[238.00,186.20,450.00,478.10,412.20,496.80]	[3,0,1,3,3,3,3,3,3,0,0,4,4,1,4,4,4,1,2,3,4,5,5,5]	[0,1,1,0,0,1,2,0,0,0,2,2,0,2,2,2,0,2,2,2,2,2,2,0]
15	267	594.9	167.785562	0.163149	[353.60,70.00,450.00,594.90,293.60,496.80]	[3,0,0,3,3,3,3,3,3,1,0,3,3,0,4,4,4,0,2,3,4,5,5,5]	[0,1,1,0,0,1,2,0,0,1,2,2,0,2,2,2,0,2,2,2,2,2,2,0]
15	268	496.8	99.614464	0.173428	[421.20,450.00,248.60,406.30,233.60,496.80]	[2,0,0,2,2,3,3,3,3,0,0,3,3,0,2,4,4,0,1,2,4,5,5,5]	[0,1,1,0,0,1,2,0,0,1,2,2,0,2,2,2,0,2,2,2,2,2,2,0]
15	269	594	170.467577	0.164529	[365.10,60.00,450.00,594.00,293.60,496.80]	[3,0,0,3,3,3,3,3,3,0,0,3,3,1,4,4,4,0,2,3,4,5,5,5]	[0,0,1,0,0,0,2,0,0,1,2,2,0,2,2,2,0,2,2,2,2,2,2,0]
15	270	496.8	96.089133	0.173853	[291.20,450.00,232.70,452.20,333.60,496.80]	[2,0,0,2,3,3,3,3,3,2,0,3,3,2,4,4,4,0,1,4,4,5,5,5]	[0,1,1,0,0,0,2,0,0,1,2,2,0,2,2,2,0,2,2,2,2,2,2,0]
15	271	555.4	142.273371	0.16671	[291.20,131.20,450.00,555.40,330.40,496.80]	[3,0,0,3,3,3,3,3,3,1,0,3,4,1,4,4,4,0,2,3,4,5,5,5]	[0,1,1,0,0,0,2,0,0,1,2,2,0,2,2,2,0,2,2,2,2,2,2,0]
15	272	496.8	108.094352	0.1715	[291.20,450.00,188.30,463.10,370.40,496.80]	[2,0,0,3,3,3,3,3,4,2,0,3,3,2,4,4,4,0,1,4,4,5,5,5]	[0,1,1,0,0,1,2,0,0,1,2,2,0,2,2,2,0,2,2,2,2,2,2,0]
15	273	594.9	153.455427	0.165149	[294.80,131.20,450.00,594.90,293.60,496.80]	[3,0,0,3,3,3,3,3,3,1,0,3,3,1,4,4,4,0,2,3,4,5,5,5]	[0,1,0,0,0,1,2,0,0,1,2,2,0,2,2,2,0,2,2,2,2,2,2,0]
15	274	496.8	89.630681	0.176966	[293.60,450.00,278.60,447.20,293.60,496.80]	[2,0,0,2,2,3,3,3,3,2,0,3,3,2,4,4,4,0,1,3,4,5,5,5]	[0,1,1,0,0,0,2,0,0,0,2,2,0,2,2,2,0,2,2,2,2,2,2,0]
15	275	496.8	74.294424	0.178289	[291.20,450.00,311.80,334.50,372.20,496.80]	[2,0,0,2,3,3,3,3,4,2,0,2,3,2,4,4,4,0,1,4,4,5,5,5]	[0,1,1,0,0,1,2,0,0,0,2,2,0,2,2,2,0,2,2,2,2,2,2,0]
15	276	496.8	114.215008	0.171487	[294.20,450.00,187.70,495.40,333.60,496.80]	[2,0,0,3,3,3,3,3,3,2,0,3,3,2,4,4,4,0,1,4,4,5,5,5]	[0,0,1,0,0,0,2,0,0,1,2,2,0,2,2,2,0,2,2,2,2,2,2,0]
15	277	496.8	120.834217	0.168818	[221.20,201.20,450.00,394.50,488.60,496.80]	[3,0,0,3,3,3,3,4,4,1,0,3,3,1,4,4,4,1,2,3,4,5,5,5]	[0,1,1,0,0,1,2,0,0,1,2,2,0,2,2,2,0,2,2,2,2,2,2,0]
15	278	496.8	127.901765	0.16717	[293.60,131.20,450.00,476.30,412.20,496.80]	[3,0,0,3,3,3,3,3,3,1,0,4,4,1,4,4,4,0,2,3,4,5,5,5]	[0,1,1,0,0,1,2,0,0,1,2,2,0,2,2,2,0,2,2,2,2,2,2,0]
15	279	496.8	71.763168	0.178973	[354.80,450.00,309.20,311.80,333.60,496.80]	[2,0,0,2,2,2,2,3,3,2,0,3,3,0,4,4,4,0,1,4,4,5,5,5]	[0,1,1,0,0,1,2,0,0,1,2,2,0,2,2,2,0,2,2,2,2,2,2,0]
15	280	496.8	145.766119	0.166369	[351.20,70.00,450.00,398.10,488.60,496.80]	[3,0,0,3,3,3,3,4,4,1,0,3,3,0,4,4,4,0,2,3,4,5,5,5]	[0,1,1,0,0,1,2,0,0,1,2,2,0,2,2,2,0,2,2,2,2,2,2,0]
16	281	496.8	117.124356	0.175475	[130.00,450.00,376.20,386.00,416.30,496.80]	[3,3,2,4,4,4,4,4,4,3,2,3,3,2,0,2,3,0,1,3,4,5,5,5]	[0,1,1,0,0,1,2,0,0,1,2,2,0,2,2,2,0,2,2,2,2,2,2,0]
16	282	542.2	202.37815	0.169108	[130.00,506.80,55.00,542.20,527.20,496.80]	[1,3,2,3,3,3,4,4,4,3,3,3,3,3,0,4,4,0,1,4,4,5,5,5]	[0,1,1,0,0,1,2,0,0,1,2,2,0,2,2,2,0,2,2,2,2,2,2,0]
16	283	496.8	120.808863	0.175145	[130.00,450.00,360.00,359.20,456.30,496.80]	[3,3,3,3,3,3,3,4,4,4,2,4,4,2,0,2,4,0,1,2,4,5,5,5]	[0,1,1,0,0,1,2,0,0,1,2,2,0,2,2,2,0,2,2,2,2,2,2,0]
16	284	580	165.182572	0.16919	[580.00,220.00,100.00,455.10,403.10,496.80]	[3,3,3,3,3,4,4,4,4,3,2,3,3,1,0,1,4,0,0,4,4,5,5,5]	[0,0,1,0,0,1,2,0,0,1,2,2,0,2,2,2,0,2,2,2,2,2,2,0]
16	285	496.8	127.051075	0.171128	[130.00,450.00,320.00,490.50,371.30,496.80]	[3,3,3,3,4,4,4,4,4,3,2,3,3,2,0,2,3,0,1,3,4,5,5,5]	[0,1,1,0,0,1,2,0,0,1,2,2,0,2,2,2,0,2,2,2,2,2,2,0]
16	286	580	155.838684	0.169567	[580.00,276.80,100.00,434.90,371.30,496.80]	[1,3,3,3,4,4,4,4,4,3,2,3,3,1,0,1,3,0,0,3,4,5,5,5]	[0,0,1,0,0,1,2,0,0,1,2,2,0,2,2,2,0,2,2,2,2,2,2,0]
16	287	496.8	122.453072	0.173481	[130.00,450.00,320.00,444.00,416.30,496.80]	[3,3,3,4,4,4,4,4,4,3,2,3,3,2,0,2,3,0,1,3,4,5,5,5]	[0,1,0,0,0,1,2,0,0,1,2,2,0,2,2,2,0,2,2,2,2,2,2,0]
16	288	580	167.783786	0.168764	[580.00,220.00,100.00,486.30,371.30,496.80]	[3,3,3,3,4,4,4,4,4,3,2,3,3,1,0,1,3,0,0,3,4,5,5,5]	[0,0,0,0,0,1,2,0,0,1,2,2,0,2,2,2,0,2,2,2,2,2,2,0]
16	289	517.2	146.76541	0.170061	[130.00,450.00,220.00,517.20,442.20,496.80]	[3,3,3,3,3,3,4,4,4,3,3,4,4,2,0,2,4,0,1,3,4,5,5,5]	[0,1,1,0,0,1,2,0,0,1,2,2,0,2,2,2,0,2,2,2,2,2,2,0]
16	290	580	168.353147	0.167817	[580.00,220.00,100.00,491.00,365.40,496.80]	[3,3,3,3,3,3,4,4,4,3,2,3,3,1,0,1,4,0,0,4,4,5,5,5]	[0,1,1,0,0,1,2,0,0,0,2,2,0,2,2,2,0,2,2,2,2,2,2,0]
16	291	496.8	122.288653	0.173484	[130.00,450.00,320.00,442.20,416.30,496.80]	[3,3,3,4,4,4,4,4,4,3,2,3,3,2,0,2,3,0,1,3,4,5,5,5]	[0,0,1,0,0,1,2,0,0,1,2,2,0,2,2,2,0,2,2,2,2,2,2,0]
17	292	567.8	166.612101	0.165547	[356.60,510.00,100.00,567.80,232.20,496.80]	[0,0,0,0,3,3,3,3,3,3,2,4,4,1,0,3,4,0,1,4,4,5,5,5]	[0,1,1,0,0,1,2,0,0,1,2,2,0,2,2,2,0,2,2,2,2,2,2,0]
17	293	556.8	120.249441	0.167313	[309.20,556.80,260.00,403.70,231.80,496.80]	[0,0,0,1,3,3,3,4,4,3,2,3,3,1,0,2,3,0,1,3,4,5,5,5]	[0,1,1,0,0,1,2,0,0,1,2,2,0,2,2,2,0,2,2,2,2,2,2,0]
17	294	496.8	128.619629	0.166537	[385.40,116.80,450.00,476.60,333.60,496.80]	[0,0,0,0,1,3,3,3,3,3,0,3,3,4,0,4,4,1,2,4,4,5,5,5]	[0,1,1,0,0,0,2,0,0,1,2,2,0,2,2,2,0,2,2,2,2,2,2,0]
17	295	519	114.489714	0.167353	[284.50,278.60,450.00,519.00,233.60,496.80]	[0,0,0,0,1,3,3,3,3,3,1,3,3,1,0,4,4,1,2,3,4,5,5,5]	[0,1,1,0,0,0,2,0,0,0,2,2,0,2,2,2,0,2,2,2,2,2,2,0]
17	296	548.1	158.471603	0.165912	[356.30,450.00,60.00,548.10,348.60,496.80]	[0,0,0,0,3,3,3,3,3,3,3,4,4,2,0,4,4,0,1,3,4,5,5,5]	[0,0,1,0,0,1,2,0,0,0,2,2,0,2,2,2,0,2,2,2,2,2,2,0]
17	297	496.8	89.225079	0.167935	[357.80,450.00,320.00,413.10,224.80,496.80]	[0,0,0,0,3,3,3,3,3,4,2,4,4,2,0,2,3,0,1,3,4,5,5,5]	[0,1,1,0,0,1,2,0,0,1,2,2,0,2,2,2,0,2,2,2,2,2,2,0]
17	298	496.8	73.513846	0.177479	[353.90,450.00,299.50,358.60,300.40,496.80]	[0,0,0,0,2,2,2,3,3,4,2,4,4,2,0,3,4,0,1,4,4,5,5,5]	[0,1,1,0,0,1,2,0,0,0,2,2,0,2,2,2,0,2,2,2,2,2,2,0]
17	299	573.1	146.498199	0.165386	[357.50,450.00,160.00,573.10,224.80,496.80]	[0,0,0,0,3,3,3,3,3,4,2,4,4,2,0,3,3,0,1,3,4,5,5,5]	[0,1,1,0,0,1,2,0,0,1,2,2,0,2,2,2,0,2,2,2,2,2,2,0]
17	300	528.1	154.663384	0.165944	[353.30,510.00,100.00,528.10,270.40,496.80]	[0,0,0,0,3,3,3,3,4,3,2,3,3,1,0,4,4,0,1,3,4,5,5,5]	[0,0,1,0,0,1,2,0,0,0,2,2,0,2,2,2,0,2,2,2,2,2,2,0]
17	301	550.2	149.234923	0.166295	[416.60,450.00,196.80,550.20,153.60,496.80]	[0,0,0,0,3,3,3,3,3,3,3,4,4,0,0,2,2,0,1,3,4,5,5,5]	[0,1,0,0,0,0,2,0,0,1,2,2,0,2,2,2,0,2,2,2,2,2,2,0]
17	302	496.8	75.572844	0.170509	[356.30,450.00,320.00,362.20,273.60,496.80]	[0,0,0,0,3,3,3,4,4,3,2,3,3,2,0,2,3,0,1,4,4,5,5,5]	[0,0,1,0,0,0,2,0,0,0,2,2,0,2,2,2,0,2,2,2,2,2,2,0]
17	303	510	108.428312	0.167492	[354.80,510.00,260.00,411.00,224.80,496.80]	[0,0,0,0,3,3,3,3,3,4,2,4,4,1,0,2,3,0,1,3,4,5,5,5]	[0,1,0,0,0,1,2,0,0,1,2,2,0,2,2,2,0,2,2,2,2,2,2,0]
17	304	550	171.66299	0.165151	[356.00,550.00,60.00,521.60,273.60,496.80]	[0,0,0,0,3,3,3,4,4,3,1,3,3,2,0,3,3,0,1,4,4,5,5,5]	[0,1,1,0,0,0,2,0,0,1,2,2,0,2,2,2,0,2,2,2,2,2,2,0]
18	305	531.8	96.891338	0.176397	[283.30,305.70,323.30,323.60,490.00,531.80]	[0,0,1,1,2,2,3,3,3,1,0,2,3,1,0,2,3,1,4,4,5,5,5,5]	[0,1,1,0,0,1,2,0,0,1,2,2,0,2,2,2,0,2,2,2,2,2,2,0]
18	306	531.8	108.126676	0.1705	[284.50,303.90,240.00,404.50,490.00,531.80]	[0,0,1,1,3,3,3,3,3,1,0,2,3,1,0,2,3,1,4,4,5,5,5,5]	[0,1,1,0,0,1,2,0,0,1,2,2,0,2,2,2,0,2,2,2,2,2,2,0]
18	307	531.8	102.028532	0.173624	[284.80,324.80,256.80,369.50,490.00,531.80]	[0,0,1,1,3,3,3,3,3,1,0,1,2,2,0,2,3,1,4,4,5,5,5,5]	[0,1,1,0,0,1,2,0,0,1,2,2,0,2,2,2,0,2,2,2,2,2,2,0]
18	308	571.8	141.189735	0.166296	[444.80,222.40,160.00,404.50,450.00,571.80]	[0,0,0,0,3,3,3,3,3,1,0,1,3,0,0,2,3,1,4,5,5,5,5,5]	[0,1,1,0,0,1,2,0,0,1,2,2,0,2,2,2,0,2,2,2,2,2,2,0]
18	309	531.8	129.792262	0.16665	[415.70,254.50,160.00,404.50,490.00,531.80]	[0,0,1,1,3,3,3,3,3,0,0,1,3,0,0,2,3,1,4,4,5,5,5,5]	[0,1,1,0,0,1,2,0,0,1,2,2,0,2,2,2,0,2,2,2,2,2,2,0]
18	310	531.8	96.625146	0.176783	[284.20,304.50,325.40,324.50,490.00,531.80]	[0,0,1,1,2,3,3,3,3,1,0,2,2,1,0,2,3,1,4,4,5,5,5,5]	[0,1,1,0,0,1,2,0,0,1,2,2,0,2,2,2,0,2,2,2,2,2,2,0]
18	311	531.8	119.084447	0.168915	[283.30,278.60,220.00,449.50,490.00,531.80]	[0,0,1,3,3,3,3,3,3,1,0,1,3,2,0,2,3,1,4,4,5,5,5,5]	[0,1,1,0,0,1,2,0,0,1,2,2,0,2,2,2,0,2,2,2,2,2,2,0]
18	312	531.8	133.347737	0.166454	[370.70,260.00,151.20,449.50,490.00,531.80]	[0,0,0,3,3,3,3,3,3,2,1,2,3,0,0,1,3,0,4,4,5,5,5,5]	[0,1,1,0,0,1,2,0,0,1,2,2,0,2,2,2,0,2,2,2,2,2,2,0]
18	313	531.8	100.703768	0.173633	[299.20,276.80,287.70,369.50,490.00,531.80]	[0,0,0,1,3,3,3,3,3,2,2,2,3,0,0,1,2,1,4,4,5,5,5,5]	[0,1,1,0,0,1,2,0,0,1,2,2,0,2,2,2,0,2,2,2,2,2,2,0]
18	314	531.8	98.624011	0.173987	[344.20,288.90,276.80,324.50,490.00,531.80]	[0,0,1,1,1,3,3,3,3,1,0,2,3,0,0,2,2,1,4,4,5,5,5,5]	[0,1,1,0,0,1,2,0,0,1,2,2,0,2,2,2,0,2,2,2,2,2,2,0]
18	315	531.8	121.894988	0.167872	[352.70,314.80,160.00,406.60,490.00,531.80]	[0,0,1,1,3,3,3,3,3,0,0,1,3,1,0,2,3,1,4,4,5,5,5,5]	[0,1,1,0,0,1,2,0,0,1,2,2,0,2,2,2,0,2,2,2,2,2,2,0]
18	316	531.8	118.638438	0.168947	[244.50,298.60,240.00,449.50,490.00,531.80]	[0,0,1,3,3,3,3,3,3,1,1,2,3,0,0,2,3,1,4,4,5,5,5,5]	[0,1,1,0,0,1,2,0,0,1,2,2,0,2,2,2,0,2,2,2,2,2,2,0]
18	317	533.1	153.608416	0.165239	[343.30,197.40,160.00,533.10,490.00,531.80]	[0,0,1,3,3,3,3,3,3,1,0,3,3,0,0,2,3,1,4,4,5,5,5,5]	[0,1,1,0,0,1,2,0,0,1,2,2,0,2,2,2,0,2,2,2,2,2,2,0]
18	318	531.8	121.337812	0.168046	[343.30,325.70,160.00,404.50,490.00,531.80]	[0,0,1,1,3,3,3,3,3,1,0,1,3,0,0,2,3,1,4,4,5,5,5,5]	[0,1,1,0,0,1,2,0,0,1,2,2,0,2,2,2,0,2,2,2,2,2,2,0]
18	319	531.8	99.017463	0.173648	[282.70,305.70,288.60,359.50,490.00,531.80]	[0,0,1,1,2,3,3,3,3,1,0,2,3,1,0,2,3,1,4,4,5,5,5,5]	[0,1,1,0,0,1,2,0,0,1,2,2,0,2,2,2,0,2,2,2,2,2,2,0]
18	320	531.8	126.528579	0.16766	[383.00,290.00,151.20,404.50,490.00,531.80]	[0,0,0,0,3,3,3,3,3,2,0,2,3,1,0,1,3,1,4,4,5,5,5,5]	[0,1,1,0,0,1,2,0,0,1,2,2,0,2,2,2,0,2,2,2,2,2,2,0]
18	321	531.8	103.047277	0.172426	[342.70,244.20,288.60,358.00,490.00,531.80]	[0,0,1,1,2,3,3,3,3,1,0,2,3,0,0,2,3,1,4,4,5,5,5,5]	[0,1,1,0,0,1,2,0,0,1,2,2,0,2,2,2,0,2,2,2,2,2,2,0]
18	322	531.8	103.733724	0.170852	[342.70,289.50,240.00,361.60,490.00,531.80]	[0,0,1,1,1,3,3,3,3,1,0,2,3,0,0,2,3,1,4,4,5,5,5,5]	[0,1,1,0,0,1,2,0,0,1,2,2,0,2,2,2,0,2,2,2,2,2,2,0]
18	323	531.8	100.285799	0.173638	[284.80,325.40,266.80,359.50,490.00,531.80]	[0,0,1,1,2,3,3,3,3,1,0,1,3,2,0,2,3,1,4,4,5,5,5,5]	[0,1,1,0,0,1,2,0,0,1,2,2,0,2,2,2,0,2,2,2,2,2,2,0]
18	324	531.8	161.646182	0.163853	[447.80,141.20,160.00,488.10,490.00,531.80]	[0,0,0,0,3,3,3,3,3,1,0,3,3,0,0,2,3,1,4,4,5,5,5,5]	[0,1,1,0,0,1,2,0,0,1,2,2,0,2,2,2,0,2,2,2,2,2,2,0]
18	325	531.8	100.433389	0.173634	[284.20,305.70,276.80,369.50,490.00,531.80]	[0,0,1,1,3,3,3,3,3,1,0,2,2,1,0,2,3,1,4,4,5,5,5,5]	[0,1,1,0,0,1,2,0,0,1,2,2,0,2,2,2,0,2,2,2,2,2,2,0]
18	326	531.8	166.549636	0.163816	[516.60,231.20,80.00,404.50,490.00,531.80]	[0,0,0,0,3,3,3,3,3,1,0,2,3,0,0,1,3,0,4,4,5,5,5,5]	[0,1,1,0,0,1,2,0,0,1,2,2,0,2,2,2,0,2,2,2,2,2,2,0]
18	327	531.8	121.741101	0.16804	[353.30,315.40,160.00,404.50,490.00,531.80]	[0,0,1,1,3,3,3,3,3,1,0,1,3,1,0,2,3,0,4,4,5,5,5,5]	[0,1,1,0,0,1,2,0,0,1,2,2,0,2,2,2,0,2,2,2,2,2,2,0]
18	328	531.8	155.032893	0.16539	[470.70,278.30,80.00,404.50,490.00,531.80]	[0,0,0,1,3,3,3,3,3,1,0,2,3,0,0,1,3,0,4,4,5,5,5,5]	[0,1,1,0,0,1,2,0,0,1,2,2,0,2,2,2,0,2,2,2,2,2,2,0]
18	329	531.8	148.237542	0.166259	[386.30,371.20,70.00,404.50,490.00,531.80]	[0,0,0,0,3,3,3,3,3,1,0,1,3,1,0,1,3,2,4,4,5,5,5,5]	[0,1,1,0,0,1,2,0,0,1,2,2,0,2,2,2,0,2,2,2,2,2,2,0]
18	330	531.8	148.037522	0.166429	[346.00,358.60,80.00,449.50,490.00,531.80]	[0,0,1,3,3,3,3,3,3,1,0,2,3,0,0,1,3,1,4,4,5,5,5,5]	[0,1,1,0,0,1,2,0,0,1,2,2,0,2,2,2,0,2,2,2,2,2,2,0]
18	331	531.8	125.477148	0.167704	[344.80,196.20,240.00,449.50,490.00,531.80]	[0,0,1,3,3,3,3,3,3,1,0,2,3,0,0,2,3,1,4,4,5,5,5,5]	[0,1,1,0,0,1,2,0,0,1,2,2,0,2,2,2,0,2,2,2,2,2,2,0]
18	332	531.8	110.506631	0.16895	[308.30,296.80,220.00,404.50,490.00,531.80]	[0,0,0,1,3,3,3,3,3,0,1,1,3,2,0,2,3,1,4,4,5,5,5,5]	[0,1,1,0,0,1,2,0,0,1,2,2,0,2,2,2,0,2,2,2,2,2,2,0]
19	333	542.8	166.085544	0.172002	[111.50,238.00,520.00,542.80,315.40,531.80]	[0,1,0,3,3,3,3,3,3,1,1,4,4,3,3,4,4,2,2,3,5,5,5,5]	[0,0,1,0,0,1,2,0,0,1,2,2,0,2,2,2,0,2,2,2,2,2,2,0]
19	334	578.7	183.858602	0.171358	[176.50,100.00,520.00,578.70,348.60,531.80]	[0,0,0,3,3,3,3,3,4,3,1,4,4,3,3,4,4,2,2,3,5,5,5,5]	[0,0,1,0,0,0,2,0,0,1,2,2,0,2,2,2,0,2,2,2,2,2,2,0]
19	335	531.8	170.520883	0.175153	[111.50,166.80,520.00,476.30,451.30,531.80]	[0,1,0,3,4,4,4,4,4,3,1,4,4,3,3,3,3,2,2,3,5,5,5,5]	[0,0,1,0,0,1,2,0,0,1,2,2,0,2,2,2,0,2,2,2,2,2,2,0]
19	336	531.8	171.566029	0.174523	[178.00,100.00,520.00,484.80,442.20,531.80]	[0,0,0,3,3,4,4,4,4,3,1,4,4,3,3,3,4,2,2,3,5,5,5,5]	[0,0,1,0,0,0,2,0,0,1,2,2,0,2,2,2,0,2,2,2,2,2,2,0]
19	337	531.8	155.801181	0.176884	[176.50,146.80,520.00,428.60,450.40,531.80]	[0,0,0,1,4,4,4,4,4,3,1,4,4,3,3,3,3,2,2,3,5,5,5,5]	[0,1,0,0,0,0,2,0,0,0,2,2,0,2,2,2,0,2,2,2,2,2,2,0]
20	338	522.7	120.033394	0.17345	[319.50,395.40,160.00,522.70,365.40,496.80]	[0,0,0,1,1,3,4,4,4,0,1,1,4,1,1,2,3,0,3,4,4,5,5,5]	[0,0,1,0,0,1,2,0,0,1,2,2,0,2,2,2,0,2,2,2,2,2,2,0]
20	339	496.8	114.628991	0.176716	[355.40,267.40,196.80,496.80,449.00,496.80]	[0,0,1,3,4,4,4,4,4,0,0,1,4,1,0,2,2,1,3,4,4,5,5,5]	[0,1,1,0,0,0,2,0,0,1,2,2,0,2,2,2,0,2,2,2,2,2,2,0]
20	340	525	103.036897	0.172247	[294.50,337.70,240.00,358.60,525.00,496.80]	[0,0,1,1,1,3,3,3,3,0,0,2,3,1,1,2,3,1,4,4,4,5,5,5]	[0,1,1,0,0,0,2,0,0,0,2,2,0,2,2,2,0,2,2,2,2,2,2,0]
20	341	525	103.688691	0.171816	[354.50,253.30,266.80,359.50,525.00,496.80]	[0,0,1,1,2,3,3,3,3,0,0,1,3,0,2,2,3,1,4,4,4,5,5,5]	[0,0,1,0,0,1,2,0,0,1,2,2,0,2,2,2,0,2,2,2,2,2,2,0]
20	342	523.6	106.825756	0.176503	[319.20,208.60,348.60,523.60,366.00,496.80]	[0,0,0,1,2,4,4,4,4,0,1,2,3,2,1,2,3,0,3,4,4,5,5,5]	[0,1,1,0,0,1,2,0,0,1,2,2,0,2,2,2,0,2,2,2,2,2,2,0]
20	343	525	129.800352	0.166224	[416.30,252.70,160.00,404.50,525.00,496.80]	[0,0,1,1,3,3,3,3,3,0,0,1,3,0,0,2,3,1,4,4,4,5,5,5]	[0,0,1,0,0,1,2,0,0,1,2,2,0,2,2,2,0,2,2,2,2,2,2,0]
20	344	525	99.376652	0.172685	[293.30,278.30,300.00,358.60,525.00,496.80]	[0,0,1,1,1,3,3,3,3,0,0,2,3,1,2,2,3,1,4,4,4,5,5,5]	[0,1,1,0,0,0,2,0,0,1,2,2,0,2,2,2,0,2,2,2,2,2,2,0]
20	345	496.8	115.138665	0.176561	[379.80,226.80,220.00,496.80,437.20,496.80]	[0,0,0,1,3,4,4,4,4,0,1,1,4,2,0,2,4,0,3,4,4,5,5,5]	[0,0,0,0,0,0,2,0,0,1,2,2,0,2,2,2,0,2,2,2,2,2,2,0]
20	346	525	101.225601	0.172608	[294.20,327.40,251.80,361.60,525.00,496.80]	[0,0,1,2,2,3,3,3,3,0,0,1,3,1,1,2,3,1,4,4,4,5,5,5]	[0,1,1,0,0,1,2,0,0,1,2,2,0,2,2,2,0,2,2,2,2,2,2,0]
20	347	525	107.261575	0.171376	[375.10,247.40,251.80,359.50,525.00,496.80]	[0,0,1,2,2,3,3,3,3,0,0,0,3,1,1,2,3,1,4,4,4,5,5,5]	[0,1,1,0,0,1,2,0,0,1,2,2,0,2,2,2,0,2,2,2,2,2,2,0]
20	348	525	129.803857	0.165871	[354.80,267.40,160.00,449.50,525.00,496.80]	[0,0,1,3,3,3,3,3,3,0,0,1,3,1,0,2,3,1,4,4,4,5,5,5]	[0,0,1,0,0,1,2,0,0,1,2,2,0,2,2,2,0,2,2,2,2,2,2,0]
20	349	525	107.945286	0.169812	[355.10,314.50,206.80,359.50,525.00,496.80]	[0,0,1,1,2,3,3,3,3,0,0,1,3,0,1,2,3,1,4,4,4,5,5,5]	[0,1,1,0,0,1,2,0,0,1,2,2,0,2,2,2,0,2,2,2,2,2,2,0]
20	350	521.8	117.351007	0.175276	[248.00,416.80,206.80,521.80,366.00,496.80]	[0,0,0,1,2,4,4,4,4,0,1,1,3,1,1,2,3,1,3,4,4,5,5,5]	[0,1,1,0,0,1,2,0,0,1,2,2,0,2,2,2,0,2,2,2,2,2,2,0]
20	351	525	106.866578	0.171465	[292.70,266.20,266.80,404.50,525.00,496.80]	[0,0,1,2,3,3,3,3,3,0,0,1,3,2,1,2,3,1,4,4,4,5,5,5]	[0,1,1,0,0,1,2,0,0,0,2,2,0,2,2,2,0,2,2,2,2,2,2,0]
20	352	496.8	91.413614	0.178666	[264.80,309.80,300.00,486.80,403.40,496.80]	[0,0,1,1,1,4,4,4,4,0,1,2,4,2,1,2,3,0,3,4,4,5,5,5]	[0,1,1,0,0,1,2,0,0,0,2,2,0,2,2,2,0,2,2,2,2,2,2,0]
20	353	525	129.878256	0.165861	[355.10,266.20,160.00,448.60,525.00,496.80]	[0,0,1,3,3,3,3,3,3,0,0,1,3,0,1,2,3,1,4,4,4,5,5,5]	[0,1,1,0,0,0,2,0,0,1,2,2,0,2,2,2,0,2,2,2,2,2,2,0]
20	354	525	105.215151	0.171648	[319.50,333.60,220.00,358.60,525.00,496.80]	[0,0,0,1,1,3,3,3,3,0,1,1,3,2,1,2,3,0,4,4,4,5,5,5]	[0,0,1,0,0,0,2,0,0,0,2,2,0,2,2,2,0,2,2,2,2,2,2,0]
20	355	525	120.106653	0.167733	[311.60,250.00,220.00,449.50,525.00,496.80]	[0,0,0,3,3,3,3,3,3,0,1,1,3,2,0,2,3,1,4,4,4,5,5,5]	[0,0,1,0,0,1,2,0,0,0,2,2,0,2,2,2,0,2,2,2,2,2,2,0]
20	356	525	113.432424	0.167885	[355.40,254.20,220.00,404.50,525.00,496.80]	[0,0,1,1,3,3,3,3,3,0,0,1,3,2,0,2,3,1,4,4,4,5,5,5]	[0,1,1,0,0,1,2,0,0,1,2,2,0,2,2,2,0,2,2,2,2,2,2,0]
20	357	525	129.979174	0.165089	[354.50,266.20,160.00,449.50,525.00,496.80]	[0,0,1,3,3,3,3,3,3,0,0,1,3,1,0,2,3,1,4,4,4,5,5,5]	[0,1,1,0,0,1,2,0,0,1,2,2,0,2,2,2,0,2,2,2,2,2,2,0]
20	358	549.5	188.172106	0.162803	[549.50,70.00,160.00,448.60,525.00,496.80]	[0,0,0,3,3,3,3,3,3,0,0,0,3,0,0,2,3,1,4,4,4,5,5,5]	[0,0,1,0,0,0,2,0,0,1,2,2,0,2,2,2,0,2,2,2,2,2,2,0]
20	359	496.8	87.411625	0.180119	[309.50,401.80,232.70,450.00,363.60,496.80]	[0,0,0,1,1,2,4,4,4,0,1,1,4,1,0,2,2,1,3,4,4,5,5,5]	[0,1,0,0,0,1,2,0,0,0,2,2,0,2,2,2,0,2,2,2,2,2,2,0]
20	360	525	96.749856	0.175357	[294.20,327.40,290.10,321.80,525.00,496.80]	[0,0,1,2,2,2,3,3,3,0,0,1,3,1,1,2,3,1,4,4,4,5,5,5]	[0,1,1,0,0,1,2,0,0,1,2,2,0,2,2,2,0,2,2,2,2,2,2,0]
20	361	496.8	78.681137	0.181716	[319.50,286.80,303.60,450.00,402.20,496.80]	[0,0,0,1,2,4,4,4,4,0,1,1,4,2,1,2,2,0,3,4,4,5,5,5]	[0,1,0,0,0,0,2,0,0,1,2,2,0,2,2,2,0,2,2,2,2,2,2,0]
20	362	525	121.140833	0.166956	[321.00,220.00,240.00,449.50,525.00,496.80]	[0,0,0,3,3,3,3,3,3,0,1,2,3,1,1,2,3,0,4,4,4,5,5,5]	[0,1,1,0,0,1,2,0,0,0,2,2,0,2,2,2,0,2,2,2,2,2,2,0]
20	363	525	133.763244	0.163719	[379.50,240.00,160.00,449.50,525.00,496.80]	[0,0,0,3,3,3,3,3,3,0,1,1,3,0,1,2,3,0,4,4,4,5,5,5]	[0,1,1,0,0,1,2,0,0,1,2,2,0,2,2,2,0,2,2,2,2,2,2,0]
20	364	496.8	91.729429	0.176838	[319.20,288.60,266.80,486.80,404.90,496.80]	[0,0,0,1,2,4,4,4,4,0,1,1,4,2,1,2,3,0,3,4,4,5,5,5]	[0,1,1,0,0,1,2,0,0,1,2,2,0,2,2,2,0,2,2,2,2,2,2,0]
20	365	525	97.834306	0.173826	[292.70,341.30,276.80,324.50,525.00,496.80]	[0,0,1,1,1,3,3,3,3,0,0,2,3,1,1,2,2,1,4,4,4,5,5,5]	[0,1,1,0,0,1,2,0,0,1,2,2,0,2,2,2,0,2,2,2,2,2,2,0]
20	366	496.8	84.026631	0.180494	[318.30,348.60,243.60,450.00,402.20,496.80]	[0,0,0,1,2,4,4,4,4,0,1,1,4,1,1,2,2,0,3,4,4,5,5,5]	[0,1,0,0,0,0,2,0,0,1,2,2,0,2,2,2,0,2,2,2,2,2,2,0]
20	367	525	110.400369	0.169798	[355.40,314.50,196.80,371.60,525.00,496.80]	[0,0,1,1,3,3,3,3,3,0,0,1,3,1,0,2,2,1,4,4,4,5,5,5]	[0,1,1,0,0,1,2,0,0,1,2,2,0,2,2,2,0,2,2,2,2,2,2,0]
