run	idx_in_front	CT	LoadSTD	QLoss	station_loads	station_assignment	tool_assignment
1	1	546.8	133.521889	0.165836	[368.40,306.90,486.80,546.80,133.60,420.00]	[3,3,0,1,1,0,0,3,4,1,1,0,0,4,0,3,3,3,2,0,4,5,1,2]	[0,0,1,0,0,1,2,0,0,1,2,2,0,2,2,2,0,2,2,2,2,2,2,0]
1	2	546.8	124.297257	0.16721	[331.00,306.90,486.80,546.80,169.80,420.00]	[3,3,0,1,1,4,0,3,4,1,1,0,0,4,0,3,3,3,2,0,4,5,1,2]	[0,0,1,0,0,1,2,0,0,1,2,2,0,2,2,2,0,2,2,2,2,2,2,0]
1	3	486.8	100.88172	0.167424	[368.40,306.90,486.80,481.80,200.40,420.00]	[3,4,0,1,1,0,0,3,4,1,1,0,0,4,0,3,3,3,2,0,4,5,1,2]	[0,0,1,0,0,1,2,0,0,1,2,2,0,2,2,2,0,2,2,2,2,2,2,0]
1	4	486.8	92.687444	0.168798	[331.00,306.90,486.80,481.80,236.90,420.00]	[3,4,0,1,1,4,0,3,4,1,1,0,0,4,0,3,3,3,2,0,4,5,1,2]	[0,0,1,0,0,1,2,0,0,1,2,2,0,2,2,2,0,2,2,2,2,2,2,0]
1	5	486.8	87.695471	0.170451	[331.00,463.30,486.80,321.80,236.90,420.00]	[3,4,0,1,1,4,0,1,4,1,1,0,0,4,0,3,3,3,2,0,4,5,1,2]	[0,0,1,0,0,1,2,0,0,1,2,2,0,2,2,2,0,2,2,2,2,2,2,0]
1	6	486.8	87.205632	0.171663	[331.00,422.70,486.80,323.60,236.90,460.00]	[3,4,0,1,1,4,0,1,4,1,1,0,0,4,0,3,3,3,2,0,4,5,5,2]	[0,0,1,0,0,1,2,0,0,1,2,2,0,2,2,2,0,2,2,2,2,2,2,0]
2	1	552.7	135.576417	0.170257	[552.70,376.80,450.00,436.80,325.50,116.50]	[3,3,0,1,5,4,4,1,4,5,1,3,4,4,4,3,4,1,2,0,3,0,3,0]	[0,0,1,0,0,1,2,0,0,1,2,2,0,2,2,2,0,2,2,2,2,2,2,0]
2	2	476.2	76.443321	0.180201	[476.20,413.60,450.00,333.60,326.90,258.00]	[3,5,0,1,5,4,4,1,5,5,1,3,4,4,4,3,4,1,2,5,3,0,4,1]	[0,0,1,0,0,1,2,0,0,1,2,2,0,2,2,2,0,2,2,2,2,2,2,0]
2	3	552.7	169.37699	0.167459	[552.70,380.40,450.00,507.70,333.70,35.00]	[3,3,0,1,4,4,4,1,5,3,1,3,4,4,4,3,4,1,2,0,3,0,3,0]	[0,0,1,0,0,1,2,0,0,1,2,2,0,2,2,2,0,2,2,2,2,2,2,0]
2	4	476.2	134.940041	0.172667	[476.20,411.80,450.00,469.50,367.00,86.80]	[3,3,0,1,5,4,4,1,4,3,1,3,4,4,4,3,4,1,2,5,3,0,4,1]	[0,0,1,0,0,1,2,0,0,1,2,2,0,2,2,2,0,2,2,2,2,2,2,0]
2	5	552.7	149.468354	0.168683	[552.70,376.80,450.00,436.80,372.30,70.00]	[3,3,0,1,4,4,4,1,4,5,1,3,4,4,4,3,4,1,2,0,3,0,3,0]	[0,0,1,0,0,1,2,0,0,1,2,2,0,2,2,2,0,2,2,2,2,2,2,0]
2	6	516.2	143.619757	0.17025	[516.20,411.80,450.00,436.80,372.30,70.00]	[3,3,0,1,4,4,4,1,4,5,1,3,4,4,4,3,4,1,2,0,3,0,3,1]	[0,0,1,0,0,1,2,0,0,1,2,2,0,2,2,2,0,2,2,2,2,2,2,0]
2	7	507.7	141.614967	0.171456	[476.20,411.80,450.00,507.70,325.50,86.80]	[3,3,0,1,5,4,4,1,4,3,1,3,4,4,4,3,4,1,2,5,3,0,3,1]	[0,0,1,0,0,1,2,0,0,1,2,2,0,2,2,2,0,2,2,2,2,2,2,0]
2	8	507.7	156.552224	0.169882	[476.20,411.80,450.00,507.70,372.30,40.00]	[3,3,0,1,4,4,4,1,4,3,1,3,4,4,4,3,4,1,2,5,3,0,3,1]	[0,0,1,0,0,1,2,0,0,1,2,2,0,2,2,2,0,2,2,2,2,2,2,0]
2	9	512.7	127.795731	0.171105	[512.70,376.80,450.00,436.80,372.30,111.20]	[3,3,0,1,4,4,4,1,4,5,1,3,4,4,4,3,4,1,2,5,3,0,3,0]	[0,0,1,0,0,1,2,0,0,1,2,2,0,2,2,2,0,2,2,2,2,2,2,0]
2	10	476.2	80.388674	0.17879	[476.20,411.80,450.00,373.60,295.40,251.60]	[3,5,0,1,4,5,4,1,5,5,1,3,4,4,4,3,4,1,2,5,3,0,3,1]	[0,0,1,0,0,1,2,0,0,1,2,2,0,2,2,2,0,2,2,2,2,2,2,0]
2	11	476.2	83.783544	0.177423	[476.20,411.80,450.00,373.60,325.50,225.10]	[3,5,0,1,5,4,4,1,4,5,1,3,4,4,4,3,4,1,2,5,3,0,3,1]	[0,0,1,0,0,1,2,0,0,1,2,2,0,2,2,2,0,2,2,2,2,2,2,0]
2	12	476.2	103.949437	0.175458	[476.20,411.80,450.00,396.80,367.00,158.00]	[3,3,0,1,5,4,4,1,4,5,1,3,4,4,4,3,4,1,2,5,3,0,4,1]	[0,0,1,0,0,1,2,0,0,1,2,2,0,2,2,2,0,2,2,2,2,2,2,0]
2	13	476.2	121.46261	0.173884	[476.20,411.80,450.00,396.80,410.20,111.20]	[3,3,0,1,4,4,4,1,4,5,1,3,4,4,4,3,4,1,2,5,3,0,4,1]	[0,0,1,0,0,1,2,0,0,1,2,2,0,2,2,2,0,2,2,2,2,2,2,0]
2	14	512.7	90.811589	0.175855	[512.70,376.80,450.00,373.60,325.50,225.10]	[3,5,0,1,5,4,4,1,4,5,1,3,4,4,4,3,4,1,2,5,3,0,3,0]	[0,0,1,0,0,1,2,0,0,1,2,2,0,2,2,2,0,2,2,2,2,2,2,0]
2	15	512.7	102.679427	0.174281	[512.70,376.80,450.00,373.60,372.30,178.30]	[3,5,0,1,4,4,4,1,4,5,1,3,4,4,4,3,4,1,2,5,3,0,3,0]	[0,0,1,0,0,1,2,0,0,1,2,2,0,2,2,2,0,2,2,2,2,2,2,0]
2	16	552.7	113.345334	0.173433	[552.70,376.80,450.00,373.60,325.50,181.50]	[3,5,0,1,5,4,4,1,4,5,1,3,4,4,4,3,4,1,2,0,3,0,3,0]	[0,0,1,0,0,1,2,0,0,1,2,2,0,2,2,2,0,2,2,2,2,2,2,0]
2	17	512.7	160.424473	0.168314	[512.70,376.80,450.00,507.70,372.30,40.00]	[3,3,0,1,4,4,4,1,4,3,1,3,4,4,4,3,4,1,2,5,3,0,3,0]	[0,0,1,0,0,1,2,0,0,1,2,2,0,2,2,2,0,2,2,2,2,2,2,0]
2	18	512.7	90.184065	0.177066	[512.70,376.80,450.00,333.60,367.00,225.10]	[3,5,0,1,5,4,4,1,4,5,1,3,4,4,4,3,4,1,2,5,3,0,4,0]	[0,0,1,0,0,1,2,0,0,1,2,2,0,2,2,2,0,2,2,2,2,2,2,0]
2	19	552.7	166.410731	0.167466	[552.70,376.80,450.00,507.70,325.50,45.00]	[3,3,0,1,5,4,4,1,4,3,1,3,4,4,4,3,4,1,2,0,3,0,3,0]	[0,0,1,0,0,1,2,0,0,1,2,2,0,2,2,2,0,2,2,2,2,2,2,0]
2	20	476.2	96.543197	0.175848	[476.20,411.80,450.00,373.60,369.90,178.30]	[3,5,0,1,4,4,4,1,4,5,1,3,4,4,4,3,4,1,2,5,3,0,3,1]	[0,0,1,0,0,1,2,0,0,1,2,2,0,2,2,2,0,2,2,2,2,2,2,0]
3	1	526.8	115.544774	0.174664	[272.70,451.80,526.80,271.20,243.00,486.80]	[4,3,1,1,2,0,1,0,4,4,1,4,5,2,3,1,1,3,5,0,3,2,3,0]	[0,1,0,0,0,1,2,0,0,1,2,2,0,2,2,2,0,2,2,2,2,2,2,0]
3	2	526.8	107.374247	0.178892	[492.70,396.80,235.10,272.40,333.60,526.80]	[4,3,2,1,2,0,1,4,4,2,1,4,5,2,3,1,1,3,5,5,3,0,3,0]	[0,1,0,0,0,1,2,0,0,1,2,2,0,2,2,2,0,2,2,2,2,2,2,0]
3	3	532.7	107.739944	0.17647	[532.70,396.80,235.10,272.40,333.60,486.80]	[4,3,2,1,2,0,1,4,4,2,1,4,5,2,3,1,1,3,5,0,3,0,3,0]	[0,1,0,0,0,1,2,0,0,1,2,2,0,2,2,2,0,2,2,2,2,2,2,0]
3	4	532.7	103.973052	0.178051	[532.70,396.80,290.10,272.40,278.60,486.80]	[2,3,2,1,2,0,1,4,4,2,1,4,5,2,3,1,1,3,5,0,3,0,3,0]	[0,1,0,0,0,1,2,0,0,1,2,2,0,2,2,2,0,2,2,2,2,2,2,0]
3	5	526.8	103.594058	0.180473	[492.70,396.80,290.10,272.40,278.60,526.80]	[2,3,2,1,2,0,1,4,4,2,1,4,5,2,3,1,1,3,5,5,3,0,3,0]	[0,1,0,0,0,1,2,0,0,1,2,2,0,2,2,2,0,2,2,2,2,2,2,0]
3	6	532.7	145.204872	0.173493	[532.70,451.80,106.80,272.40,403.00,486.80]	[4,3,1,1,2,0,1,4,4,4,1,4,5,2,3,1,1,3,5,0,3,0,3,0]	[0,1,0,0,0,1,2,0,0,1,2,2,0,2,2,2,0,2,2,2,2,2,2,0]
4	1	486.8	73.575305	0.182578	[420.00,253.60,379.80,398.60,323.40,486.80]	[4,4,2,4,4,3,2,3,2,1,1,1,5,3,3,2,2,4,5,3,4,0,3,2]	[0,1,1,0,0,0,2,0,0,0,2,2,0,2,2,2,0,2,2,2,2,2,2,0]
4	2	587.7	161.92113	0.174231	[520.00,240.00,161.50,587.70,253.60,486.80]	[4,3,2,4,4,3,3,3,2,4,0,1,5,3,3,1,2,3,5,3,4,0,3,2]	[0,1,1,0,0,1,2,0,0,0,2,2,0,2,2,2,0,2,2,2,2,2,2,0]
4	3	486.8	70.265275	0.183017	[420.00,253.60,379.80,359.50,363.70,486.80]	[4,4,2,4,4,3,2,3,2,1,1,1,5,3,3,2,2,4,5,4,4,0,3,2]	[0,1,1,0,0,1,2,0,0,0,2,2,0,2,2,2,0,2,2,2,2,2,2,0]
4	4	588	161.65801	0.174231	[520.00,240.00,163.00,588.00,253.60,486.80]	[4,3,2,4,4,3,3,3,2,4,0,1,5,3,3,1,2,3,5,3,4,0,3,2]	[0,1,1,0,0,1,2,0,0,0,2,2,0,2,2,2,0,2,2,2,2,2,2,0]
4	5	548	148.700433	0.175442	[520.00,240.00,163.00,548.00,297.20,486.80]	[4,3,2,4,4,3,3,3,2,4,0,1,5,3,3,1,2,3,5,4,4,0,3,2]	[0,1,1,0,0,1,2,0,0,0,2,2,0,2,2,2,0,2,2,2,2,2,2,0]
4	6	520	139.374623	0.175458	[520.00,313.60,163.00,518.00,257.20,486.80]	[4,3,2,4,4,3,3,3,2,1,0,1,5,3,3,1,2,4,5,3,4,0,3,2]	[0,1,1,0,0,1,2,0,0,0,2,2,0,2,2,2,0,2,2,2,2,2,2,0]
4	7	493.3	100.300958	0.179123	[420.00,340.00,220.10,493.30,293.60,486.80]	[4,3,2,4,4,3,2,3,2,4,1,1,5,3,3,1,2,3,5,4,4,0,3,2]	[0,1,1,0,0,1,2,0,0,0,2,2,0,2,2,2,0,2,2,2,2,2,2,0]
4	8	517.7	118.306039	0.176701	[420.00,340.00,161.50,517.70,327.20,486.80]	[4,3,2,4,4,3,3,3,2,4,1,1,5,3,3,1,2,4,5,3,4,0,3,2]	[0,1,1,0,0,1,2,0,0,0,2,2,0,2,2,2,0,2,2,2,2,2,2,0]
4	9	547.7	149.00107	0.175442	[520.00,240.00,161.50,547.70,297.20,486.80]	[4,3,2,4,4,3,3,3,2,4,0,1,5,3,3,1,2,3,5,4,4,0,3,2]	[0,1,1,0,0,1,2,0,0,0,2,2,0,2,2,2,0,2,2,2,2,2,2,0]
4	10	486.8	74.48225	0.180579	[420.00,253.60,325.10,412.70,363.40,486.80]	[4,4,2,4,4,3,3,3,2,1,1,1,5,3,3,2,2,4,5,4,4,0,3,2]	[0,1,1,0,0,1,2,0,0,0,2,2,0,2,2,2,0,2,2,2,2,2,2,0]
4	11	486.8	82.08698	0.179368	[420.00,253.60,325.10,452.70,323.40,486.80]	[4,4,2,4,4,3,3,3,2,1,1,1,5,3,3,2,2,4,5,3,4,0,3,2]	[0,1,1,0,0,1,2,0,0,0,2,2,0,2,2,2,0,2,2,2,2,2,2,0]
4	12	520	128.379459	0.176669	[520.00,313.60,163.00,478.00,297.20,486.80]	[4,3,2,4,4,3,3,3,2,1,0,1,5,3,3,1,2,4,5,4,4,0,3,2]	[0,1,1,0,0,1,2,0,0,0,2,2,0,2,2,2,0,2,2,2,2,2,2,0]
4	13	486.8	109.081539	0.177912	[420.00,340.00,163.00,478.00,365.40,486.80]	[4,3,2,4,4,3,3,3,2,4,1,1,5,3,3,1,2,4,5,4,4,0,3,2]	[0,1,1,0,0,1,2,0,0,0,2,2,0,2,2,2,0,2,2,2,2,2,2,0]
4	14	486.8	73.620025	0.181806	[420.00,253.60,379.80,399.50,323.40,486.80]	[4,4,2,4,4,3,2,3,2,1,1,1,5,3,3,2,2,4,5,3,4,0,3,2]	[0,1,1,0,0,1,2,0,0,0,2,2,0,2,2,2,0,2,2,2,2,2,2,0]
4	15	486.8	106.214914	0.178093	[420.00,340.00,161.50,453.00,391.60,486.80]	[4,4,2,4,4,3,3,3,2,4,1,1,5,3,3,1,2,4,5,3,4,0,3,2]	[0,1,1,0,0,1,2,0,0,0,2,2,0,2,2,2,0,2,2,2,2,2,2,0]
4	16	486.8	89.928577	0.179187	[420.00,253.60,323.30,477.70,297.20,486.80]	[4,3,2,4,4,3,3,3,2,1,1,1,5,3,3,2,2,4,5,4,4,0,3,2]	[0,1,1,0,0,1,2,0,0,0,2,2,0,2,2,2,0,2,2,2,2,2,2,0]
4	17	486.8	91.962233	0.179139	[420.00,340.00,218.30,463.30,323.60,486.80]	[4,3,2,4,4,3,2,3,2,4,1,1,5,3,3,1,2,4,5,3,4,0,3,2]	[0,1,1,0,0,1,2,0,0,0,2,2,0,2,2,2,0,2,2,2,2,2,2,0]
4	18	548	126.93234	0.176685	[420.00,340.00,163.00,548.00,297.20,486.80]	[4,3,2,4,4,3,3,3,2,4,1,1,5,3,3,1,2,3,5,4,4,0,3,2]	[0,1,1,0,0,1,2,0,0,0,2,2,0,2,2,2,0,2,2,2,2,2,2,0]
4	19	517.7	105.010232	0.177976	[420.00,253.60,323.30,517.70,257.20,486.80]	[4,3,2,4,4,3,3,3,2,1,1,1,5,3,3,2,2,4,5,3,4,0,3,2]	[0,1,1,0,0,1,2,0,0,0,2,2,0,2,2,2,0,2,2,2,2,2,2,0]
4	20	518	117.914456	0.176701	[420.00,340.00,163.00,518.00,327.20,486.80]	[4,3,2,4,4,3,3,3,2,4,1,1,5,3,3,1,2,4,5,3,4,0,3,2]	[0,1,1,0,0,1,2,0,0,0,2,2,0,2,2,2,0,2,2,2,2,2,2,0]
5	1	560	172.791111	0.177211	[260.00,70.00,546.80,466.80,348.10,560.00]	[3,4,3,4,4,2,2,3,3,4,3,4,1,3,0,0,1,5,5,5,2,2,0,4]	[0,1,0,0,0,0,2,0,0,1,2,2,0,2,2,2,0,2,2,2,2,2,2,0]
6	1	450	66.227648	0.162879	[447.70,346.60,420.00,291.60,300.00,450.00]	[0,3,1,3,1,0,0,1,0,0,4,4,3,4,4,0,3,3,5,1,0,2,1,3]	[0,1,1,0,0,1,2,0,0,1,2,2,0,2,2,2,0,2,2,2,2,2,2,0]
6	2	450	51.832436	0.164098	[392.70,346.60,420.00,291.60,355.00,450.00]	[0,3,1,3,1,0,4,1,0,0,4,4,3,4,4,0,3,3,5,1,0,2,1,3]	[0,1,1,0,0,1,2,0,0,1,2,2,0,2,2,2,0,2,2,2,2,2,2,0]
6	3	450	60.083232	0.164087	[412.70,378.00,420.00,291.60,300.00,450.00]	[0,3,1,3,1,0,0,1,0,0,4,4,3,4,4,0,3,3,5,1,1,2,1,3]	[0,1,1,0,0,1,2,0,0,1,2,2,0,2,2,2,0,2,2,2,2,2,2,0]
6	4	450	50.354424	0.165306	[361.00,379.50,420.00,291.60,355.00,450.00]	[0,3,1,3,1,0,4,1,0,0,4,4,3,4,4,0,3,3,5,1,1,2,1,3]	[0,1,1,0,0,1,2,0,0,1,2,2,0,2,2,2,0,2,2,2,2,2,2,0]
7	1	531.8	106.972464	0.17519	[245.10,531.80,496.80,388.60,277.20,323.60]	[3,5,1,2,4,3,1,3,3,0,0,4,0,5,3,5,4,4,2,3,5,1,4,0]	[0,0,0,0,0,0,2,0,0,1,2,2,0,2,2,2,0,2,2,2,2,2,2,0]
7	2	531.8	105.402916	0.177613	[245.10,531.80,496.80,348.60,277.20,363.60]	[3,5,1,2,4,3,1,3,3,0,0,4,0,5,3,5,4,4,2,5,5,1,4,0]	[0,0,0,0,0,0,2,0,0,1,2,2,0,2,2,2,0,2,2,2,2,2,2,0]
7	3	531.8	107.073533	0.174017	[245.10,531.80,496.80,388.60,277.20,322.40]	[3,5,1,2,4,3,1,3,3,0,0,4,0,5,3,5,4,4,2,3,5,1,4,0]	[0,1,0,0,0,0,2,0,0,1,2,2,0,2,2,2,0,2,2,2,2,2,2,0]
7	4	531.8	118.26361	0.172443	[245.10,531.80,496.80,433.60,228.60,322.40]	[3,5,1,2,3,3,1,3,3,0,0,4,0,5,3,5,4,4,2,3,5,1,4,0]	[0,1,0,0,0,0,2,0,0,1,2,2,0,2,2,2,0,2,2,2,2,2,2,0]
7	5	531.8	118.173127	0.173616	[245.10,531.80,496.80,433.60,228.60,323.60]	[3,5,1,2,3,3,1,3,3,0,0,4,0,5,3,5,4,4,2,3,5,1,4,0]	[0,0,0,0,0,0,2,0,0,1,2,2,0,2,2,2,0,2,2,2,2,2,2,0]
7	6	531.8	105.429636	0.17644	[245.10,531.80,496.80,348.60,277.20,362.40]	[3,5,1,2,4,3,1,3,3,0,0,4,0,5,3,5,4,4,2,5,5,1,4,0]	[0,1,0,0,0,0,2,0,0,1,2,2,0,2,2,2,0,2,2,2,2,2,2,0]
8	1	456.8	90.489754	0.178549	[442.70,377.70,203.00,450.00,323.60,456.80]	[2,2,1,4,2,2,4,0,5,0,1,0,0,0,4,4,0,1,3,1,1,5,1,1]	[0,1,1,0,0,0,2,0,0,1,2,2,0,2,2,2,0,2,2,2,2,2,2,0]
8	2	531.3	129.155519	0.169494	[531.30,304.20,168.00,521.80,310.00,420.00]	[2,2,1,0,2,3,4,0,3,0,1,0,0,0,4,4,0,1,3,0,4,5,1,1]	[0,1,1,0,0,0,2,0,0,1,2,2,0,2,2,2,0,2,2,2,2,2,2,0]
8	3	456.8	65.686082	0.182895	[407.70,341.00,281.60,450.00,323.60,456.80]	[2,2,1,4,2,2,4,0,5,0,1,0,0,0,4,4,2,1,3,1,1,5,2,1]	[0,1,1,0,0,0,2,0,0,1,2,2,0,2,2,2,0,2,2,2,2,2,2,0]
8	4	527.7	144.184424	0.168102	[527.70,341.00,100.00,521.80,342.40,420.00]	[2,4,1,0,2,3,4,0,3,0,1,0,0,0,4,4,0,1,3,0,1,5,1,1]	[0,1,1,0,0,0,2,0,0,1,2,2,0,2,2,2,0,2,2,2,2,2,2,0]
8	5	456.8	75.946306	0.181683	[447.70,299.80,281.60,450.00,323.60,456.80]	[2,2,1,4,2,2,4,0,5,0,1,0,0,0,4,4,2,1,3,0,1,5,2,1]	[0,1,1,0,0,0,2,0,0,1,2,2,0,2,2,2,0,2,2,2,2,2,2,0]
8	6	487.7	119.657994	0.172447	[487.70,379.50,135.00,486.80,342.40,420.00]	[2,4,1,0,2,2,4,0,3,0,1,0,0,0,4,4,0,1,3,1,1,5,1,1]	[0,1,1,0,0,0,2,0,0,1,2,2,0,2,2,2,0,2,2,2,2,2,2,0]
8	7	521.8	136.729592	0.169676	[482.70,341.00,100.00,521.80,389.80,420.00]	[2,4,1,4,2,3,4,0,3,0,1,0,0,0,4,4,0,1,3,0,1,5,1,1]	[0,1,1,0,0,0,2,0,0,1,2,2,0,2,2,2,0,2,2,2,2,2,2,0]
8	8	482.7	90.344091	0.178549	[482.70,301.00,244.80,450.00,323.60,456.80]	[2,2,1,4,2,2,4,0,5,0,1,0,0,0,4,4,0,1,3,0,1,5,2,1]	[0,1,1,0,0,0,2,0,0,1,2,2,0,2,2,2,0,2,2,2,2,2,2,0]
8	9	521.8	99.359892	0.17349	[442.70,341.00,209.80,521.80,323.60,420.00]	[2,2,1,4,2,3,4,0,3,0,1,0,0,0,4,4,0,1,3,1,1,5,2,1]	[0,1,1,0,0,0,2,0,0,1,2,2,0,2,2,2,0,2,2,2,2,2,2,0]
8	10	482.7	107.148968	0.177156	[482.70,301.00,176.80,450.00,389.80,456.80]	[2,4,1,4,2,2,4,0,5,0,1,0,0,0,4,4,0,1,3,0,1,5,2,1]	[0,1,1,0,0,0,2,0,0,1,2,2,0,2,2,2,0,2,2,2,2,2,2,0]
8	11	486.8	81.490621	0.176625	[442.70,341.00,244.80,486.80,323.60,420.00]	[2,2,1,4,2,2,4,0,3,0,1,0,0,0,4,4,0,1,3,1,1,5,2,1]	[0,1,1,0,0,0,2,0,0,1,2,2,0,2,2,2,0,2,2,2,2,2,2,0]
8	12	486.8	68.429974	0.17976	[407.70,341.00,281.60,486.80,323.60,420.00]	[2,2,1,4,2,2,4,0,3,0,1,0,0,0,4,4,2,1,3,1,1,5,2,1]	[0,1,1,0,0,0,2,0,0,1,2,2,0,2,2,2,0,2,2,2,2,2,2,0]
8	13	527.7	134.045918	0.169313	[527.70,301.00,141.80,521.80,342.40,420.00]	[2,4,1,0,2,3,4,0,3,0,1,0,0,0,4,4,0,1,3,0,1,5,2,1]	[0,1,1,0,0,0,2,0,0,1,2,2,0,2,2,2,0,2,2,2,2,2,2,0]
8	14	521.8	124.414528	0.170524	[487.70,341.00,141.80,521.80,342.40,420.00]	[2,4,1,0,2,3,4,0,3,0,1,0,0,0,4,4,0,1,3,1,1,5,2,1]	[0,1,1,0,0,0,2,0,0,1,2,2,0,2,2,2,0,2,2,2,2,2,2,0]
8	15	456.8	79.200514	0.17976	[442.70,341.00,244.80,450.00,323.60,456.80]	[2,2,1,4,2,2,4,0,5,0,1,0,0,0,4,4,0,1,3,1,1,5,2,1]	[0,1,1,0,0,0,2,0,0,1,2,2,0,2,2,2,0,2,2,2,2,2,2,0]
8	16	487.7	96.028545	0.175051	[487.70,341.00,244.80,486.80,275.00,420.00]	[2,2,1,0,2,2,4,0,3,0,1,0,0,0,4,4,0,1,3,1,1,5,2,1]	[0,1,1,0,0,0,2,0,0,1,2,2,0,2,2,2,0,2,2,2,2,2,2,0]
8	17	521.8	112.116096	0.171916	[487.70,341.00,207.70,521.80,275.00,420.00]	[2,2,1,0,2,3,4,0,3,0,1,0,0,0,4,4,0,1,3,1,1,5,2,1]	[0,1,1,0,0,0,2,0,0,1,2,2,0,2,2,2,0,2,2,2,2,2,2,0]
8	18	521.8	116.771207	0.171068	[482.70,341.00,168.00,521.80,323.60,420.00]	[2,2,1,4,2,3,4,0,3,0,1,0,0,0,4,4,0,1,3,0,1,5,1,1]	[0,1,1,0,0,0,2,0,0,1,2,2,0,2,2,2,0,2,2,2,2,2,2,0]
8	19	486.8	92.358295	0.175414	[482.70,301.00,244.80,486.80,323.60,420.00]	[2,2,1,4,2,2,4,0,3,0,1,0,0,0,4,4,0,1,3,0,1,5,2,1]	[0,1,1,0,0,0,2,0,0,1,2,2,0,2,2,2,0,2,2,2,2,2,2,0]
8	20	486.8	108.852659	0.174022	[482.70,301.00,176.80,486.80,389.80,420.00]	[2,4,1,4,2,2,4,0,3,0,1,0,0,0,4,4,0,1,3,0,1,5,2,1]	[0,1,1,0,0,0,2,0,0,1,2,2,0,2,2,2,0,2,2,2,2,2,2,0]
9	1	521.2	113.460517	0.171968	[274.00,521.20,491.80,338.60,426.20,207.40]	[0,5,4,3,0,0,0,3,2,1,4,5,2,5,3,4,3,4,1,0,0,2,4,3]	[0,1,1,0,0,0,2,0,0,1,2,2,0,2,2,2,0,2,2,2,2,2,2,0]
9	2	496.8	84.497193	0.1854	[496.20,312.40,305.40,496.80,338.10,318.10]	[4,5,4,3,4,0,5,2,4,1,4,1,2,5,5,1,5,2,3,0,2,0,4,5]	[0,1,1,0,0,1,2,0,0,1,2,2,0,2,2,2,0,2,2,2,2,2,2,0]
9	3	521.2	111.838018	0.175102	[237.20,521.20,491.80,338.60,426.20,244.20]	[0,5,4,3,0,5,0,3,2,1,4,5,2,5,3,4,3,4,1,0,0,2,4,3]	[0,1,1,0,0,0,2,0,0,1,2,2,0,2,2,2,0,2,2,2,2,2,2,0]
9	4	496.8	98.09189	0.184173	[496.20,312.40,233.60,496.80,408.10,318.10]	[4,5,4,3,4,0,5,2,4,1,4,1,2,5,5,1,5,4,3,0,2,0,4,5]	[0,1,1,0,0,1,2,0,0,1,2,2,0,2,2,2,0,2,2,2,2,2,2,0]
9	5	531.8	98.448166	0.182266	[496.20,312.40,305.40,531.80,338.70,281.00]	[4,5,4,3,4,0,5,2,4,1,4,1,2,5,5,1,3,2,3,0,2,0,4,5]	[0,1,1,0,0,1,2,0,0,1,2,2,0,2,2,2,0,2,2,2,2,2,2,0]
9	6	531.8	110.371651	0.181039	[496.20,312.40,233.60,531.80,408.10,281.00]	[4,5,4,3,4,0,5,2,4,1,4,1,2,5,5,1,3,4,3,0,2,0,4,5]	[0,1,1,0,0,1,2,0,0,1,2,2,0,2,2,2,0,2,2,2,2,2,2,0]
10	1	545	128.252127	0.171362	[488.60,196.80,460.00,545.00,302.20,262.70]	[0,5,4,0,4,0,3,5,0,0,4,0,4,4,0,1,1,0,3,2,5,2,3,0]	[0,1,0,0,0,0,2,0,0,0,2,2,0,2,2,2,0,2,2,2,2,2,2,0]
10	2	545	142.207052	0.170941	[408.60,436.80,460.00,545.00,302.20,101.20]	[0,5,4,0,4,0,3,1,0,0,4,1,4,4,0,1,1,0,3,2,5,2,3,0]	[0,1,0,0,0,0,2,0,0,0,2,2,0,2,2,2,0,2,2,2,2,2,2,0]
10	3	505	126.990573	0.172131	[488.60,356.80,460.00,505.00,302.20,142.40]	[0,5,4,0,4,0,3,1,0,0,4,0,4,4,0,1,1,0,3,2,5,2,5,0]	[0,1,0,0,0,0,2,0,0,0,2,2,0,2,2,2,0,2,2,2,2,2,2,0]
10	4	505	114.780144	0.173784	[488.60,196.80,460.00,505.00,302.20,304.50]	[0,5,4,0,4,0,3,5,0,0,4,0,4,4,0,1,1,0,3,2,5,2,5,0]	[0,1,0,0,0,0,2,0,0,0,2,2,0,2,2,2,0,2,2,2,2,2,2,0]
10	5	505	113.858778	0.174937	[408.60,436.80,460.00,505.00,255.40,189.50]	[0,5,4,0,5,0,3,1,0,0,4,1,4,4,0,1,1,0,3,2,5,2,5,0]	[0,1,0,0,0,0,2,0,0,0,2,2,0,2,2,2,0,2,2,2,2,2,2,0]
10	6	545	103.765447	0.172594	[406.80,278.60,460.00,545.00,300.40,262.70]	[0,5,4,0,4,0,3,5,0,0,4,1,4,4,0,1,1,0,3,2,5,2,3,0]	[0,1,0,0,0,0,2,0,0,0,2,2,0,2,2,2,0,2,2,2,2,2,2,0]
10	7	545	138.602362	0.171283	[488.60,358.60,460.00,545.00,255.40,147.70]	[0,5,4,0,5,0,3,1,0,0,4,0,4,4,0,1,1,0,3,2,5,2,3,0]	[0,1,0,0,0,0,2,0,0,0,2,2,0,2,2,2,0,2,2,2,2,2,2,0]
10	8	505	86.755296	0.175016	[408.60,276.80,460.00,505.00,302.20,304.50]	[0,5,4,0,4,0,3,5,0,0,4,1,4,4,0,1,1,0,3,2,5,2,5,0]	[0,1,0,0,0,0,2,0,0,0,2,2,0,2,2,2,0,2,2,2,2,2,2,0]
10	9	505	121.430113	0.173363	[408.60,436.80,460.00,505.00,302.20,142.40]	[0,5,4,0,4,0,3,1,0,0,4,1,4,4,0,1,1,0,3,2,5,2,5,0]	[0,1,0,0,0,0,2,0,0,0,2,2,0,2,2,2,0,2,2,2,2,2,2,0]
10	10	505	119.72533	0.173705	[488.60,358.60,460.00,505.00,255.40,189.50]	[0,5,4,0,5,0,3,1,0,0,4,0,4,4,0,1,1,0,3,2,5,2,5,0]	[0,1,0,0,0,0,2,0,0,0,2,2,0,2,2,2,0,2,2,2,2,2,2,0]
10	11	545	146.946687	0.169708	[488.60,358.60,460.00,545.00,302.20,101.20]	[0,5,4,0,4,0,3,1,0,0,4,0,4,4,0,1,1,0,3,2,5,2,3,0]	[0,1,0,0,0,0,2,0,0,0,2,2,0,2,2,2,0,2,2,2,2,2,2,0]
10	12	566.8	164.554486	0.169666	[566.80,278.60,460.00,545.00,302.20,101.20]	[0,5,4,0,4,0,3,1,0,0,4,1,4,4,0,0,1,0,3,2,5,2,3,0]	[0,1,0,0,0,0,2,0,0,0,2,2,0,2,2,2,0,2,2,2,2,2,2,0]
11	1	466.8	98.292398	0.176247	[450.00,376.80,466.80,410.40,383.00,168.60]	[5,1,4,3,2,1,3,1,3,5,3,1,4,4,3,4,3,4,0,5,1,2,3,3]	[0,0,1,0,0,0,2,0,0,0,2,2,0,2,2,2,0,2,2,2,2,2,2,0]
11	2	496.8	70.710435	0.177109	[496.80,315.40,420.00,375.80,384.20,277.20]	[5,5,4,3,0,1,3,1,3,5,3,1,4,4,3,4,3,4,0,5,1,2,5,3]	[0,0,1,0,0,0,2,0,0,0,2,2,0,2,2,2,0,2,2,2,2,2,2,0]
11	3	466.8	95.993445	0.176624	[450.00,315.40,466.80,408.60,423.30,190.00]	[5,5,4,3,2,1,3,1,3,5,3,1,4,4,3,4,3,4,0,4,1,2,3,3]	[0,0,1,0,0,0,2,0,0,0,2,2,0,2,2,2,0,2,2,2,2,2,2,0]
11	4	496.8	83.283905	0.174687	[496.80,315.40,420.00,408.60,384.80,233.60]	[5,5,4,3,0,1,3,1,3,5,3,1,4,4,3,4,3,4,0,5,1,2,3,3]	[0,0,1,0,0,0,2,0,0,0,2,2,0,2,2,2,0,2,2,2,2,2,2,0]
11	5	496.8	98.49867	0.173476	[496.80,315.40,420.00,408.60,424.50,190.00]	[5,5,4,3,0,1,3,1,3,5,3,1,4,4,3,4,3,4,0,4,1,2,3,3]	[0,0,1,0,0,0,2,0,0,0,2,2,0,2,2,2,0,2,2,2,2,2,2,0]
11	6	496.8	100.485031	0.173099	[496.80,380.40,420.00,406.80,384.50,168.60]	[5,1,4,3,0,1,3,1,3,5,3,1,4,4,3,4,3,4,0,5,1,2,3,3]	[0,0,1,0,0,0,2,0,0,0,2,2,0,2,2,2,0,2,2,2,2,2,2,0]
11	7	466.8	123.320509	0.173085	[450.00,376.80,466.80,463.60,383.30,111.80]	[3,1,4,3,2,1,3,1,3,5,3,1,4,4,3,4,3,4,0,5,1,2,3,3]	[0,0,1,0,0,0,2,0,0,0,2,2,0,2,2,2,0,2,2,2,2,2,2,0]
11	8	466.8	67.300035	0.180257	[450.00,315.40,466.80,375.80,382.70,277.20]	[5,5,4,3,2,1,3,1,3,5,3,1,4,4,3,4,3,4,0,5,1,2,5,3]	[0,0,1,0,0,0,2,0,0,0,2,2,0,2,2,2,0,2,2,2,2,2,2,0]
11	9	496.8	141.282983	0.168726	[496.80,378.60,420.00,461.80,423.30,70.00]	[3,1,4,3,0,1,3,1,3,5,3,1,4,4,3,4,3,4,0,4,1,2,3,3]	[0,0,1,0,0,0,2,0,0,0,2,2,0,2,2,2,0,2,2,2,2,2,2,0]
11	10	496.8	88.413167	0.173947	[496.80,315.40,420.00,425.40,383.30,220.40]	[3,5,4,3,0,1,3,1,3,5,3,1,4,4,3,4,3,4,0,5,1,2,5,3]	[0,0,1,0,0,0,2,0,0,0,2,2,0,2,2,2,0,2,2,2,2,2,2,0]
11	11	496.8	124.999792	0.169937	[496.80,378.60,420.00,461.80,383.30,111.80]	[3,1,4,3,0,1,3,1,3,5,3,1,4,4,3,4,3,4,0,5,1,2,3,3]	[0,0,1,0,0,0,2,0,0,0,2,2,0,2,2,2,0,2,2,2,2,2,2,0]
11	12	466.8	100.67228	0.175884	[450.00,315.40,466.80,421.80,424.50,178.60]	[3,5,4,3,2,1,3,1,3,5,3,1,4,4,3,4,3,4,0,4,1,2,5,3]	[0,0,1,0,0,0,2,0,0,0,2,2,0,2,2,2,0,2,2,2,2,2,2,0]
11	13	466.8	80.401418	0.177835	[450.00,315.40,466.80,408.60,383.30,233.60]	[5,5,4,3,2,1,3,1,3,5,3,1,4,4,3,4,3,4,0,5,1,2,3,3]	[0,0,1,0,0,0,2,0,0,0,2,2,0,2,2,2,0,2,2,2,2,2,2,0]
11	14	466.8	139.616909	0.171874	[450.00,378.60,466.80,461.80,423.30,70.00]	[3,1,4,3,2,1,3,1,3,5,3,1,4,4,3,4,3,4,0,4,1,2,3,3]	[0,0,1,0,0,0,2,0,0,0,2,2,0,2,2,2,0,2,2,2,2,2,2,0]
11	15	466.8	85.413551	0.177095	[450.00,315.40,466.80,421.80,384.50,220.40]	[3,5,4,3,2,1,3,1,3,5,3,1,4,4,3,4,3,4,0,5,1,2,5,3]	[0,0,1,0,0,0,2,0,0,0,2,2,0,2,2,2,0,2,2,2,2,2,2,0]
11	16	466.8	119.154555	0.173462	[450.00,315.40,466.80,461.80,424.50,135.00]	[3,5,4,3,2,1,3,1,3,5,3,1,4,4,3,4,3,4,0,4,1,2,3,3]	[0,0,1,0,0,0,2,0,0,0,2,2,0,2,2,2,0,2,2,2,2,2,2,0]
11	17	496.8	105.517367	0.171525	[496.80,313.60,420.00,461.80,383.30,178.60]	[3,5,4,3,0,1,3,1,3,5,3,1,4,4,3,4,3,4,0,5,1,2,3,3]	[0,0,1,0,0,0,2,0,0,0,2,2,0,2,2,2,0,2,2,2,2,2,2,0]
11	18	466.8	103.112761	0.174673	[450.00,315.40,466.80,461.80,384.50,178.60]	[3,5,4,3,2,1,3,1,3,5,3,1,4,4,3,4,3,4,0,5,1,2,3,3]	[0,0,1,0,0,0,2,0,0,0,2,2,0,2,2,2,0,2,2,2,2,2,2,0]
11	19	496.8	103.056205	0.172736	[496.80,313.60,420.00,421.80,423.30,178.60]	[3,5,4,3,0,1,3,1,3,5,3,1,4,4,3,4,3,4,0,4,1,2,5,3]	[0,0,1,0,0,0,2,0,0,0,2,2,0,2,2,2,0,2,2,2,2,2,2,0]
11	20	496.8	121.102469	0.170313	[496.80,315.40,420.00,461.80,424.50,135.00]	[3,5,4,3,0,1,3,1,3,5,3,1,4,4,3,4,3,4,0,4,1,2,3,3]	[0,0,1,0,0,0,2,0,0,0,2,2,0,2,2,2,0,2,2,2,2,2,2,0]
12	1	562.7	185.936536	0.170519	[562.70,546.80,136.80,551.30,309.80,150.00]	[1,4,3,3,4,0,3,3,1,3,2,5,0,4,4,3,2,5,0,0,4,1,4,1]	[0,1,0,0,0,1,2,0,0,1,2,2,0,2,2,2,0,2,2,2,2,2,2,0]
12	2	486.8	102.196717	0.183553	[486.80,476.80,291.60,471.80,271.00,262.40]	[1,4,3,2,4,2,3,3,2,5,2,5,0,4,4,3,2,5,0,3,4,1,5,2]	[0,1,0,0,0,1,2,0,0,1,2,2,0,2,2,2,0,2,2,2,2,2,2,0]
12	3	587.7	169.000036	0.173298	[522.70,511.80,173.60,587.70,271.00,190.00]	[1,4,3,3,4,0,3,3,2,3,2,5,0,4,4,3,2,5,0,3,4,1,5,1]	[0,1,0,0,0,1,2,0,0,1,2,2,0,2,2,2,0,2,2,2,2,2,2,0]
12	4	486.8	105.319366	0.182342	[486.80,476.80,291.60,471.80,311.00,222.40]	[1,4,3,2,4,2,3,3,2,5,2,5,0,4,4,3,2,5,0,3,4,1,4,2]	[0,1,0,0,0,1,2,0,0,1,2,2,0,2,2,2,0,2,2,2,2,2,2,0]
12	5	564.2	173.016207	0.172086	[564.20,511.80,173.60,547.70,311.00,150.00]	[1,4,3,3,4,0,3,3,2,3,2,5,0,4,4,3,2,5,0,0,4,1,4,1]	[0,1,0,0,0,1,2,0,0,1,2,2,0,2,2,2,0,2,2,2,2,2,2,0]
12	6	546.8	160.891293	0.17331	[522.70,546.80,218.60,518.60,309.80,141.20]	[1,4,3,3,4,0,3,3,1,5,2,2,0,4,4,3,2,5,0,3,4,1,4,1]	[0,1,0,0,0,1,2,0,0,1,2,2,0,2,2,2,0,2,2,2,2,2,2,0]
12	7	516.8	120.617987	0.179193	[486.80,476.80,244.80,516.80,311.00,222.40]	[1,4,3,3,4,2,3,3,2,5,2,5,0,4,4,3,2,5,0,3,4,1,4,2]	[0,1,0,0,0,1,2,0,0,1,2,2,0,2,2,2,0,2,2,2,2,2,2,0]
12	8	522.7	130.212652	0.178026	[522.70,511.80,218.60,471.80,311.00,222.40]	[1,4,3,2,4,0,3,3,1,5,2,5,0,4,4,3,2,5,0,3,4,1,4,2]	[0,1,0,0,0,1,2,0,0,1,2,2,0,2,2,2,0,2,2,2,2,2,2,0]
12	9	522.7	133.757248	0.176445	[522.70,476.80,208.60,516.80,311.00,222.40]	[1,4,3,3,4,0,3,3,2,5,2,5,0,4,4,3,2,5,0,3,4,1,4,2]	[0,1,0,0,0,1,2,0,0,1,2,2,0,2,2,2,0,2,2,2,2,2,2,0]
12	10	508.6	115.497037	0.180985	[486.20,476.80,253.60,508.60,243.60,288.60]	[1,5,3,2,4,0,3,3,2,5,2,5,3,4,4,3,2,5,0,3,4,1,4,2]	[0,1,0,0,0,1,2,0,0,1,2,2,0,2,2,2,0,2,2,2,2,2,2,0]
12	11	511.8	114.075277	0.181986	[486.80,511.80,256.60,471.80,271.00,262.40]	[1,4,3,2,4,2,3,3,2,5,2,5,0,4,4,3,2,5,0,3,4,1,5,1]	[0,1,0,0,0,1,2,0,0,1,2,2,0,2,2,2,0,2,2,2,2,2,2,0]
12	12	550.1	172.729757	0.173268	[526.80,546.80,172.70,550.10,309.80,150.00]	[1,4,3,3,4,2,3,3,1,3,2,5,0,4,4,3,2,5,0,0,4,1,4,1]	[0,1,0,0,0,1,2,0,0,1,2,2,0,2,2,2,0,2,2,2,2,2,2,0]
12	13	564.2	181.15848	0.17173	[564.20,546.80,136.80,547.70,271.00,190.00]	[1,4,3,3,4,0,3,3,1,3,2,5,0,4,4,3,2,5,0,0,4,1,5,1]	[0,1,0,0,0,1,2,0,0,1,2,2,0,2,2,2,0,2,2,2,2,2,2,0]
12	14	522.7	143.82316	0.176088	[522.70,511.80,255.40,520.40,269.80,182.40]	[1,4,3,3,4,0,3,3,2,5,2,2,0,4,4,3,2,5,0,3,4,1,5,1]	[0,1,0,0,0,1,2,0,0,1,2,2,0,2,2,2,0,2,2,2,2,2,2,0]
12	15	522.7	146.384202	0.174877	[522.70,511.80,173.60,516.80,311.00,222.40]	[1,4,3,3,4,0,3,3,2,5,2,5,0,4,4,3,2,5,0,3,4,1,4,1]	[0,1,0,0,0,1,2,0,0,1,2,2,0,2,2,2,0,2,2,2,2,2,2,0]
12	16	523	115.617108	0.180804	[523.00,476.80,253.60,473.60,271.00,262.40]	[1,4,3,2,4,0,3,3,2,5,2,5,0,4,4,3,2,5,0,3,4,1,5,2]	[0,1,0,0,0,1,2,0,0,1,2,2,0,2,2,2,0,2,2,2,2,2,2,0]
12	17	516.8	117.957088	0.180405	[486.80,476.80,244.50,516.80,271.00,262.40]	[1,4,3,3,4,2,3,3,2,5,2,5,0,4,4,3,2,5,0,3,4,1,5,2]	[0,1,0,0,0,1,2,0,0,1,2,2,0,2,2,2,0,2,2,2,2,2,2,0]
12	18	548.6	155.598047	0.174521	[523.00,548.60,218.60,518.60,269.80,182.40]	[1,4,3,3,4,0,3,3,1,5,2,2,0,4,4,3,2,5,0,3,4,1,5,1]	[0,1,0,0,0,1,2,0,0,1,2,2,0,2,2,2,0,2,2,2,2,2,2,0]
12	19	546.8	158.988851	0.174521	[522.70,546.80,136.80,516.80,271.00,262.40]	[1,4,3,3,4,0,3,3,1,5,2,5,0,4,4,3,2,5,0,3,4,1,5,1]	[0,1,0,0,0,1,2,0,0,1,2,2,0,2,2,2,0,2,2,2,2,2,2,0]
12	20	563	185.355554	0.170519	[563.00,546.80,136.80,547.70,311.00,150.00]	[1,4,3,3,4,0,3,3,1,3,2,5,0,4,4,3,2,5,0,0,4,1,4,1]	[0,1,0,0,0,1,2,0,0,1,2,2,0,2,2,2,0,2,2,2,2,2,2,0]
13	1	551.8	138.895856	0.166452	[551.80,271.00,450.00,421.80,433.00,125.00]	[3,4,1,4,3,1,5,4,0,3,1,3,0,0,3,4,1,5,2,3,3,0,1,3]	[0,1,1,0,0,1,2,0,0,0,2,2,0,2,2,2,0,2,2,2,2,2,2,0]
13	2	551.8	143.198204	0.16506	[551.80,271.00,450.00,488.00,366.80,125.00]	[3,3,1,4,3,1,5,4,0,3,1,3,0,0,3,4,1,5,2,3,3,0,1,3]	[0,1,1,0,0,1,2,0,0,0,2,2,0,2,2,2,0,2,2,2,2,2,2,0]
13	3	450	45.032078	0.17804	[420.00,327.80,450.00,337.20,346.30,383.60]	[1,4,1,4,3,1,5,5,5,3,1,3,4,5,3,4,1,5,2,3,4,0,1,3]	[0,1,1,0,0,1,2,0,0,0,2,2,0,2,2,2,0,2,2,2,2,2,2,0]
13	4	450	44.92217	0.179005	[420.00,328.40,450.00,337.20,346.30,383.60]	[1,4,1,4,3,1,5,5,5,3,1,3,4,5,3,4,1,5,2,3,4,0,1,3]	[0,1,1,0,0,0,2,0,0,0,2,2,0,2,2,2,0,2,2,2,2,2,2,0]
13	5	551.8	126.843403	0.166713	[551.80,271.00,450.00,488.00,206.80,286.80]	[3,3,1,4,3,1,5,5,0,3,1,3,0,0,3,4,1,5,2,3,3,0,1,3]	[0,1,1,0,0,1,2,0,0,0,2,2,0,2,2,2,0,2,2,2,2,2,2,0]
13	6	516.8	91.911219	0.169673	[516.80,271.00,450.00,421.80,308.00,288.60]	[3,4,1,4,3,1,5,5,0,3,1,3,4,0,3,4,1,5,2,3,3,0,1,3]	[0,1,1,0,0,1,2,0,0,0,2,2,0,2,2,2,0,2,2,2,2,2,2,0]
13	7	493.6	109.737181	0.169156	[493.60,271.00,450.00,488.00,206.80,348.60]	[3,3,1,4,3,1,5,5,0,3,1,3,0,5,3,4,1,5,2,3,3,0,1,3]	[0,1,1,0,0,1,2,0,0,0,2,2,0,2,2,2,0,2,2,2,2,2,2,0]
13	8	468	108.06661	0.170463	[456.80,271.00,450.00,421.80,468.00,185.00]	[3,4,1,4,3,1,5,4,0,3,1,3,4,5,3,4,1,5,2,3,3,0,1,3]	[0,1,1,0,0,1,2,0,0,0,2,2,0,2,2,2,0,2,2,2,2,2,2,0]
13	9	488	95.161296	0.170724	[456.80,271.00,450.00,488.00,241.80,348.60]	[3,3,1,4,3,1,5,5,0,3,1,3,4,5,3,4,1,5,2,3,3,0,1,3]	[0,1,1,0,0,1,2,0,0,0,2,2,0,2,2,2,0,2,2,2,2,2,2,0]
13	10	516.8	99.534557	0.169489	[516.80,270.70,450.00,453.00,278.60,288.60]	[3,3,1,4,3,1,5,5,0,3,1,3,4,0,3,4,1,5,2,3,4,0,1,3]	[0,1,1,0,0,1,2,0,0,0,2,2,0,2,2,2,0,2,2,2,2,2,2,0]
13	11	456.8	71.21118	0.172116	[456.80,271.00,450.00,423.60,309.80,348.60]	[3,4,1,4,3,1,5,5,0,3,1,3,4,5,3,4,1,5,2,3,3,0,1,3]	[0,1,1,0,0,1,2,0,0,0,2,2,0,2,2,2,0,2,2,2,2,2,2,0]
13	12	491.8	114.759425	0.167503	[491.80,271.00,450.00,488.00,366.80,185.00]	[3,3,1,4,3,1,5,4,0,3,1,3,0,5,3,4,1,5,2,3,3,0,1,3]	[0,1,1,0,0,1,2,0,0,0,2,2,0,2,2,2,0,2,2,2,2,2,2,0]
13	13	456.8	54.205978	0.174906	[456.80,326.00,450.00,337.20,346.30,348.60]	[1,4,1,4,3,1,5,5,0,3,1,3,4,5,3,4,1,5,2,3,4,0,1,3]	[0,1,1,0,0,1,2,0,0,0,2,2,0,2,2,2,0,2,2,2,2,2,2,0]
13	14	450	57.01455	0.176459	[420.00,271.00,450.00,386.80,346.60,385.40]	[3,4,1,4,3,1,5,5,5,3,1,3,4,5,3,4,1,5,2,3,4,0,1,3]	[0,1,1,0,0,1,2,0,0,0,2,2,0,2,2,2,0,2,2,2,2,2,2,0]
13	15	456.8	64.237831	0.173324	[456.80,271.00,450.00,386.80,346.60,348.60]	[3,4,1,4,3,1,5,5,0,3,1,3,4,5,3,4,1,5,2,3,4,0,1,3]	[0,1,1,0,0,1,2,0,0,0,2,2,0,2,2,2,0,2,2,2,2,2,2,0]
13	16	491.8	76.550434	0.171757	[491.80,271.00,450.00,386.80,309.80,348.60]	[3,4,1,4,3,1,5,5,0,3,1,3,0,5,3,4,1,5,2,3,4,0,1,3]	[0,1,1,0,0,1,2,0,0,0,2,2,0,2,2,2,0,2,2,2,2,2,2,0]
13	17	450	48.695984	0.176832	[420.00,327.80,450.00,368.60,309.80,383.60]	[1,4,1,4,3,1,5,5,5,3,1,3,4,5,3,4,1,5,2,3,3,0,1,3]	[0,1,1,0,0,1,2,0,0,0,2,2,0,2,2,2,0,2,2,2,2,2,2,0]
13	18	551.8	106.263849	0.168105	[551.80,271.00,450.00,421.80,273.00,288.60]	[3,4,1,4,3,1,5,5,0,3,1,3,0,0,3,4,1,5,2,3,3,0,1,3]	[0,1,1,0,0,1,2,0,0,0,2,2,0,2,2,2,0,2,2,2,2,2,2,0]
13	19	450	64.867806	0.175251	[420.00,271.00,450.00,421.80,308.00,385.40]	[3,4,1,4,3,1,5,5,5,3,1,3,4,5,3,4,1,5,2,3,3,0,1,3]	[0,1,1,0,0,1,2,0,0,0,2,2,0,2,2,2,0,2,2,2,2,2,2,0]
13	20	491.8	85.017678	0.170549	[491.80,271.00,450.00,421.80,273.00,348.60]	[3,4,1,4,3,1,5,5,0,3,1,3,0,5,3,4,1,5,2,3,3,0,1,3]	[0,1,1,0,0,1,2,0,0,0,2,2,0,2,2,2,0,2,2,2,2,2,2,0]
14	1	521.8	97.062689	0.179779	[302.20,486.80,381.20,310.40,521.80,261.00]	[0,2,4,0,4,5,5,3,1,5,0,2,5,0,5,2,3,3,1,2,2,4,3,0]	[0,1,0,0,0,1,2,0,0,1,2,2,0,2,2,2,0,2,2,2,2,2,2,0]
14	2	576.8	147.126461	0.174443	[360.40,576.80,222.40,406.80,521.80,167.40]	[0,2,4,0,4,5,1,3,1,5,3,2,1,0,5,0,3,3,1,2,2,4,3,0]	[0,1,0,0,0,1,2,0,0,1,2,2,0,2,2,2,0,2,2,2,2,2,2,0]
14	3	521.8	122.795191	0.175662	[362.20,521.80,222.40,406.80,521.80,223.60]	[0,2,4,0,4,5,5,3,1,5,3,2,1,0,5,0,3,3,1,2,2,4,3,0]	[0,1,0,0,0,1,2,0,0,1,2,2,0,2,2,2,0,2,2,2,2,2,2,0]
14	4	561.8	140.291858	0.174451	[362.20,561.80,181.20,406.80,521.80,223.60]	[0,2,4,0,4,5,5,3,1,5,3,2,1,0,5,0,3,3,1,1,2,4,3,0]	[0,1,0,0,0,1,2,0,0,1,2,2,0,2,2,2,0,2,2,2,2,2,2,0]
14	5	521.8	109.153679	0.17723	[362.20,486.80,222.40,406.80,521.80,261.00]	[0,2,4,0,4,5,5,3,1,5,3,2,5,0,5,0,3,3,1,2,2,4,3,0]	[0,1,0,0,0,1,2,0,0,1,2,2,0,2,2,2,0,2,2,2,2,2,2,0]
14	6	526.8	106.528332	0.178568	[302.20,526.80,342.40,310.40,521.80,261.00]	[0,2,4,0,4,5,5,3,1,5,0,2,5,0,5,2,3,3,1,1,2,4,3,0]	[0,1,0,0,0,1,2,0,0,1,2,2,0,2,2,2,0,2,2,2,2,2,2,0]
14	7	561.8	122.448434	0.177001	[302.20,561.80,341.20,310.40,521.80,223.60]	[0,2,4,0,4,5,5,3,1,5,0,2,1,0,5,2,3,3,1,1,2,4,3,0]	[0,1,0,0,0,1,2,0,0,1,2,2,0,2,2,2,0,2,2,2,2,2,2,0]
15	1	521.8	92.154877	0.177872	[323.60,521.80,327.20,276.30,486.80,327.40]	[3,5,0,2,1,4,1,0,0,3,2,2,2,5,2,5,3,3,4,5,0,1,3,0]	[0,1,0,0,0,0,2,0,0,1,2,2,0,2,2,2,0,2,2,2,2,2,2,0]
15	2	521.8	92.047857	0.179045	[323.60,521.80,327.20,276.30,486.80,328.60]	[3,5,0,2,1,4,1,0,0,3,2,2,2,5,2,5,3,3,4,5,0,1,3,0]	[0,0,0,0,0,0,2,0,0,1,2,2,0,2,2,2,0,2,2,2,2,2,2,0]
15	3	521.8	98.404174	0.175428	[381.80,521.80,265.40,276.30,486.80,327.40]	[3,5,0,2,1,4,1,0,0,3,2,2,2,5,0,5,3,3,4,5,0,1,3,0]	[0,1,0,0,0,0,2,0,0,1,2,2,0,2,2,2,0,2,2,2,2,2,2,0]
15	4	521.8	98.305178	0.176601	[381.80,521.80,265.40,276.30,486.80,328.60]	[3,5,0,2,1,4,1,0,0,3,2,2,2,5,0,5,3,3,4,5,0,1,3,0]	[0,0,0,0,0,0,2,0,0,1,2,2,0,2,2,2,0,2,2,2,2,2,2,0]
15	5	552.7	148.540931	0.171487	[381.80,521.80,218.60,434.20,552.70,148.60]	[3,4,0,5,1,4,1,0,0,3,2,2,2,5,0,3,3,3,4,5,0,1,3,0]	[0,1,0,0,0,0,2,0,0,1,2,2,0,2,2,2,0,2,2,2,2,2,2,0]
15	6	551.8	148.363053	0.172464	[381.80,521.80,218.60,434.20,551.80,148.60]	[3,4,0,5,1,4,1,0,0,3,2,2,2,5,0,3,3,3,4,5,0,1,3,0]	[0,0,0,0,0,0,2,0,0,1,2,2,0,2,2,2,0,2,2,2,2,2,2,0]
15	7	521.8	112.049612	0.175322	[321.80,521.80,278.60,434.20,486.80,214.80]	[3,5,0,5,1,4,1,0,0,3,2,2,2,5,2,3,3,3,4,5,0,1,3,0]	[0,1,0,0,0,0,2,0,0,1,2,2,0,2,2,2,0,2,2,2,2,2,2,0]
15	8	521.8	120.909535	0.172879	[381.80,521.80,218.60,434.20,486.80,214.80]	[3,5,0,5,1,4,1,0,0,3,2,2,2,5,0,3,3,3,4,5,0,1,3,0]	[0,1,0,0,0,0,2,0,0,1,2,2,0,2,2,2,0,2,2,2,2,2,2,0]
15	9	521.8	120.776069	0.174052	[381.80,521.80,218.60,434.20,486.80,215.40]	[3,5,0,5,1,4,1,0,0,3,2,2,2,5,0,3,3,3,4,5,0,1,3,0]	[0,0,0,0,0,0,2,0,0,1,2,2,0,2,2,2,0,2,2,2,2,2,2,0]
16	1	456.2	58.21868	0.185977	[450.00,352.20,327.20,378.60,456.20,301.90]	[2,2,2,2,3,4,5,1,5,5,5,1,1,2,3,3,5,3,0,3,1,4,2,1]	[0,1,1,0,0,1,2,0,0,1,2,2,0,2,2,2,0,2,2,2,2,2,2,0]
16	2	573.1	172.823693	0.170313	[542.70,394.00,106.80,573.10,456.80,193.60]	[0,3,3,2,3,0,5,1,4,3,5,1,1,2,3,3,5,3,0,3,1,4,1,1]	[0,1,1,0,0,1,2,0,0,1,2,2,0,2,2,2,0,2,2,2,2,2,2,0]
16	3	570.7	187.555127	0.169092	[542.70,450.40,146.80,570.70,456.80,91.80]	[0,3,3,2,3,0,5,1,4,3,2,1,1,1,3,3,5,3,0,3,1,4,1,1]	[0,1,1,0,0,1,2,0,0,1,2,2,0,2,2,2,0,2,2,2,2,2,2,0]
16	4	456.2	58.770108	0.182963	[450.00,350.40,371.60,347.20,456.20,290.40]	[2,2,3,2,3,4,5,1,5,3,2,1,1,2,3,5,5,3,0,3,1,4,2,1]	[0,1,1,0,0,1,2,0,0,1,2,2,0,2,2,2,0,2,2,2,2,2,2,0]
16	5	486.2	61.768396	0.181588	[486.20,350.40,371.90,347.20,420.00,290.40]	[2,2,3,2,3,0,5,1,5,3,2,1,1,2,3,5,5,3,0,3,1,4,2,1]	[0,1,1,0,0,1,2,0,0,1,2,2,0,2,2,2,0,2,2,2,2,2,2,0]
16	6	542.7	120.306285	0.172852	[542.70,412.20,188.60,409.50,456.80,253.60]	[0,3,3,2,3,0,5,1,4,3,2,1,1,1,3,5,5,3,0,3,1,4,2,1]	[0,1,1,0,0,1,2,0,0,1,2,2,0,2,2,2,0,2,2,2,2,2,2,0]
16	7	569.8	177.77548	0.170303	[542.70,410.40,186.80,569.80,456.80,91.80]	[0,3,3,2,3,0,5,1,4,3,2,1,1,1,3,3,5,3,0,3,1,4,2,1]	[0,1,1,0,0,1,2,0,0,1,2,2,0,2,2,2,0,2,2,2,2,2,2,0]
16	8	506.8	126.573568	0.172994	[506.80,330.40,188.60,490.70,493.00,253.60]	[0,3,3,2,3,4,5,1,4,3,2,3,1,1,3,5,5,3,0,3,1,4,2,1]	[0,1,1,0,0,1,2,0,0,1,2,2,0,2,2,2,0,2,2,2,2,2,2,0]
16	9	542.7	128.58824	0.17162	[542.70,332.20,188.60,489.50,456.80,253.60]	[0,3,3,2,3,0,5,1,4,3,2,3,1,1,3,5,5,3,0,3,1,4,2,1]	[0,1,1,0,0,1,2,0,0,1,2,2,0,2,2,2,0,2,2,2,2,2,2,0]
16	10	542.7	138.034327	0.170409	[542.70,372.20,146.80,487.70,456.80,253.60]	[0,3,3,2,3,0,5,1,4,3,2,3,1,1,3,5,5,3,0,3,1,4,1,1]	[0,1,1,0,0,1,2,0,0,1,2,2,0,2,2,2,0,2,2,2,2,2,2,0]
16	11	506.8	135.892463	0.171783	[506.80,372.20,146.80,487.70,493.00,253.60]	[0,3,3,2,3,4,5,1,4,3,2,3,1,1,3,5,5,3,0,3,1,4,1,1]	[0,1,1,0,0,1,2,0,0,1,2,2,0,2,2,2,0,2,2,2,2,2,2,0]
16	12	489.5	104.492686	0.174423	[486.20,323.60,248.60,489.50,456.80,253.60]	[1,3,3,2,3,0,5,1,4,3,2,3,1,2,3,5,5,3,0,3,1,4,2,1]	[0,1,1,0,0,1,2,0,0,1,2,2,0,2,2,2,0,2,2,2,2,2,2,0]
16	13	486.2	81.061713	0.177222	[486.20,401.80,248.60,409.50,420.00,290.40]	[1,3,3,2,3,0,5,1,5,3,2,1,1,2,3,5,5,3,0,3,1,4,2,1]	[0,1,1,0,0,1,2,0,0,1,2,2,0,2,2,2,0,2,2,2,2,2,2,0]
16	14	456.2	65.86715	0.180178	[450.00,350.40,305.40,410.10,456.20,290.40]	[2,3,3,2,3,4,5,1,5,3,2,1,1,2,3,5,5,3,0,3,1,4,2,1]	[0,1,1,0,0,1,2,0,0,1,2,2,0,2,2,2,0,2,2,2,2,2,2,0]
16	15	486.2	68.707652	0.178803	[486.20,350.40,305.40,411.90,420.00,290.40]	[2,3,3,2,3,0,5,1,5,3,2,1,1,2,3,5,5,3,0,3,1,4,2,1]	[0,1,1,0,0,1,2,0,0,1,2,2,0,2,2,2,0,2,2,2,2,2,2,0]
16	16	487.7	101.637992	0.174779	[486.20,367.20,208.60,487.70,420.00,290.40]	[1,3,3,2,3,0,5,1,5,3,2,3,1,2,3,5,5,3,0,3,1,4,1,1]	[0,1,1,0,0,1,2,0,0,1,2,2,0,2,2,2,0,2,2,2,2,2,2,0]
16	17	456.2	78.995452	0.178597	[450.00,407.20,248.60,407.70,456.20,290.40]	[1,3,3,2,3,4,5,1,5,3,2,1,1,2,3,5,5,3,0,3,1,4,2,1]	[0,1,1,0,0,1,2,0,0,1,2,2,0,2,2,2,0,2,2,2,2,2,2,0]
16	18	486.2	87.860845	0.175996	[486.20,367.20,274.80,424.50,456.80,253.60]	[1,2,3,2,3,0,5,1,4,3,2,3,1,2,3,5,5,3,0,3,1,4,1,1]	[0,1,1,0,0,1,2,0,0,1,2,2,0,2,2,2,0,2,2,2,2,2,2,0]
16	19	486.2	92.819873	0.175655	[486.20,401.80,248.60,409.80,456.80,253.60]	[1,3,3,2,3,0,5,1,4,3,2,1,1,2,3,5,5,3,0,3,1,4,2,1]	[0,1,1,0,0,1,2,0,0,1,2,2,0,2,2,2,0,2,2,2,2,2,2,0]
16	20	542.7	114.162843	0.173193	[542.70,372.20,213.00,424.20,456.80,253.60]	[0,2,3,2,3,0,5,1,4,3,2,3,1,1,3,5,5,3,0,3,1,4,1,1]	[0,1,1,0,0,1,2,0,0,1,2,2,0,2,2,2,0,2,2,2,2,2,2,0]
17	1	450	69.867026	0.18046	[450.00,396.80,311.00,423.30,253.60,420.00]	[1,3,3,1,2,2,2,3,4,4,1,3,4,3,2,1,4,2,0,4,1,5,2,4]	[0,1,1,0,0,1,2,0,0,0,2,2,0,2,2,2,0,2,2,2,2,2,2,0]
17	2	490	97.805222	0.175289	[490.00,396.80,233.60,458.30,253.60,420.00]	[1,3,3,1,2,3,2,3,4,4,1,3,4,3,2,1,4,2,0,4,1,5,0,4]	[0,1,1,0,0,1,2,0,0,0,2,2,0,2,2,2,0,2,2,2,2,2,2,0]
17	3	458.3	81.734497	0.177711	[450.00,396.80,273.60,458.30,253.60,420.00]	[1,3,3,1,2,3,2,3,4,4,1,3,4,3,2,1,4,2,0,4,1,5,2,4]	[0,1,1,0,0,1,2,0,0,0,2,2,0,2,2,2,0,2,2,2,2,2,2,0]
17	4	490	93.606809	0.176457	[490.00,341.80,271.00,478.30,253.60,420.00]	[3,3,3,1,2,2,2,3,4,4,1,3,4,3,2,1,4,2,0,4,1,5,0,4]	[0,1,1,0,0,1,2,0,0,0,2,2,0,2,2,2,0,2,2,2,2,2,2,0]
17	5	513.3	93.895481	0.17613	[450.00,341.80,273.60,513.30,253.60,420.00]	[3,3,3,1,2,3,2,3,4,4,1,3,4,3,2,1,4,2,0,4,1,5,2,4]	[0,1,1,0,0,1,2,0,0,0,2,2,0,2,2,2,0,2,2,2,2,2,2,0]
17	6	490	118.447716	0.174067	[490.00,456.80,173.60,458.30,253.60,420.00]	[1,3,3,1,2,3,2,3,4,4,1,3,4,3,1,1,4,2,0,4,1,5,0,4]	[0,1,1,0,0,1,2,0,0,0,2,2,0,2,2,2,0,2,2,2,2,2,2,0]
17	7	561.8	137.931896	0.172116	[561.80,343.60,233.60,515.10,183.60,420.00]	[3,3,3,1,2,3,2,3,4,0,1,3,4,3,2,1,4,2,0,4,1,5,0,4]	[0,1,1,0,0,1,2,0,0,0,2,2,0,2,2,2,0,2,2,2,2,2,2,0]
17	8	458.3	101.708053	0.176489	[450.00,456.80,213.60,458.30,253.60,420.00]	[1,3,3,1,2,3,2,3,4,4,1,3,4,3,1,1,4,2,0,4,1,5,2,4]	[0,1,1,0,0,1,2,0,0,0,2,2,0,2,2,2,0,2,2,2,2,2,2,0]
17	9	490	107.316645	0.175235	[490.00,401.80,209.80,480.40,253.60,420.00]	[3,3,3,1,2,2,2,3,4,4,1,3,4,3,1,1,4,2,0,4,1,5,0,4]	[0,1,1,0,0,1,2,0,0,0,2,2,0,2,2,2,0,2,2,2,2,2,2,0]
17	10	513.3	106.678777	0.174908	[450.00,401.80,213.60,513.30,253.60,420.00]	[3,3,3,1,2,3,2,3,4,4,1,3,4,3,1,1,4,2,0,4,1,5,2,4]	[0,1,1,0,0,1,2,0,0,0,2,2,0,2,2,2,0,2,2,2,2,2,2,0]
17	11	513.3	108.174372	0.173708	[490.00,341.80,233.60,513.30,253.60,420.00]	[3,3,3,1,2,3,2,3,4,4,1,3,4,3,2,1,4,2,0,4,1,5,0,4]	[0,1,1,0,0,1,2,0,0,0,2,2,0,2,2,2,0,2,2,2,2,2,2,0]
17	12	513.3	122.742392	0.172486	[490.00,401.80,173.60,513.30,253.60,420.00]	[3,3,3,1,2,3,2,3,4,4,1,3,4,3,1,1,4,2,0,4,1,5,0,4]	[0,1,1,0,0,1,2,0,0,0,2,2,0,2,2,2,0,2,2,2,2,2,2,0]
17	13	456.8	88.302896	0.179238	[450.00,456.80,251.00,423.30,253.60,420.00]	[1,3,3,1,2,2,2,3,4,4,1,3,4,3,1,1,4,2,0,4,1,5,2,4]	[0,1,1,0,0,1,2,0,0,0,2,2,0,2,2,2,0,2,2,2,2,2,2,0]
17	14	478.3	90.507282	0.177657	[450.00,401.80,251.00,478.30,253.60,420.00]	[3,3,3,1,2,2,2,3,4,4,1,3,4,3,1,1,4,2,0,4,1,5,2,4]	[0,1,1,0,0,1,2,0,0,0,2,2,0,2,2,2,0,2,2,2,2,2,2,0]
17	15	478.3	79.847154	0.178879	[450.00,341.80,311.00,478.30,253.60,420.00]	[3,3,3,1,2,2,2,3,4,4,1,3,4,3,2,1,4,2,0,4,1,5,2,4]	[0,1,1,0,0,1,2,0,0,0,2,2,0,2,2,2,0,2,2,2,2,2,2,0]
17	16	561.8	149.373689	0.170895	[561.80,401.80,173.60,513.00,183.60,420.00]	[3,3,3,1,2,3,2,3,4,0,1,3,4,3,1,1,4,2,0,4,1,5,0,4]	[0,1,1,0,0,1,2,0,0,0,2,2,0,2,2,2,0,2,2,2,2,2,2,0]
18	1	586.2	202.951009	0.160103	[523.30,163.30,450.00,495.40,586.20,35.00]	[0,1,4,3,3,0,3,3,3,4,0,3,0,0,1,0,1,3,2,0,5,4,4,0]	[0,1,1,0,0,1,2,0,0,1,2,2,0,2,2,2,0,2,2,2,2,2,2,0]
18	2	491.8	110.038458	0.16279	[369.90,163.30,450.00,491.80,328.60,455.00]	[0,1,4,3,3,0,3,3,3,4,0,3,0,0,1,4,1,3,2,0,5,5,4,0]	[0,1,1,0,0,1,2,0,0,1,2,2,0,2,2,2,0,2,2,2,2,2,2,0]
18	3	586.2	199.893319	0.161325	[522.70,101.50,450.00,495.40,586.20,95.00]	[0,1,4,3,3,0,3,3,3,4,0,3,0,0,5,0,1,3,2,0,5,4,4,0]	[0,1,1,0,0,1,2,0,0,1,2,2,0,2,2,2,0,2,2,2,2,2,2,0]
18	4	522.7	150.762599	0.161516	[522.70,163.00,450.00,495.40,167.40,455.00]	[0,1,4,3,3,0,3,3,3,4,0,3,0,0,1,0,1,3,2,0,5,5,4,0]	[0,1,1,0,0,1,2,0,0,1,2,2,0,2,2,2,0,2,2,2,2,2,2,0]
19	1	546.8	103.663778	0.173455	[262.20,546.80,466.80,398.00,288.60,298.60]	[4,5,3,0,2,3,3,4,5,3,0,3,1,1,3,5,0,4,1,0,0,2,3,5]	[0,0,1,0,0,1,2,0,0,0,2,2,0,2,2,2,0,2,2,2,2,2,2,0]
20	1	486.2	79.225704	0.168721	[318.60,262.20,450.00,330.50,417.70,486.20]	[1,5,4,4,3,3,4,4,1,3,4,0,3,3,1,0,0,1,2,3,3,5,0,1]	[0,1,1,0,0,0,2,0,0,1,2,2,0,2,2,2,0,2,2,2,2,2,2,0]
